resource_const,action_class,action_const,superclass,auth,auth_effective,classification,http_method,blocking,route,file,line_start,line_end
VpsAdmin::API::Resources::ApiServer,UnlockTransactionSigningKey,VpsAdmin::API::Resources::ApiServer::UnlockTransactionSigningKey,HaveAPI::Action,,True,admin_only,,,,api/lib/vpsadmin/api/resources/api_server.rb,5,22
VpsAdmin::API::Resources::Cluster,FullStats,VpsAdmin::API::Resources::Cluster::FullStats,HaveAPI::Action,,True,admin_only,,,,api/lib/vpsadmin/api/resources/cluster.rb,79,150
VpsAdmin::API::Resources::Cluster,GenerateMigrationKeys,VpsAdmin::API::Resources::Cluster::GenerateMigrationKeys,HaveAPI::Action,,True,admin_only,post,True,,api/lib/vpsadmin/api/resources/cluster.rb,178,195
VpsAdmin::API::Resources::Cluster,PublicStats,VpsAdmin::API::Resources::Cluster::PublicStats,HaveAPI::Action,False,False,public,,,,api/lib/vpsadmin/api/resources/cluster.rb,31,77
VpsAdmin::API::Resources::Cluster,Search,VpsAdmin::API::Resources::Cluster::Search,HaveAPI::Action,,True,admin_only,post,,,api/lib/vpsadmin/api/resources/cluster.rb,152,176
VpsAdmin::API::Resources::Cluster,Show,VpsAdmin::API::Resources::Cluster::Show,HaveAPI::Actions::Default::Show,,True,authenticated,,,,api/lib/vpsadmin/api/resources/cluster.rb,5,29
VpsAdmin::API::Resources::ClusterResource,Create,VpsAdmin::API::Resources::ClusterResource::Create,HaveAPI::Actions::Default::Create,,True,admin_only,,,,api/lib/vpsadmin/api/resources/cluster_resource.rb,66,82
VpsAdmin::API::Resources::ClusterResource,Index,VpsAdmin::API::Resources::ClusterResource::Index,HaveAPI::Actions::Default::Index,,True,authenticated,,,,api/lib/vpsadmin/api/resources/cluster_resource.rb,22,44
VpsAdmin::API::Resources::ClusterResource,Show,VpsAdmin::API::Resources::ClusterResource::Show,HaveAPI::Actions::Default::Show,,True,authenticated,,,,api/lib/vpsadmin/api/resources/cluster_resource.rb,46,64
VpsAdmin::API::Resources::ClusterResource,Update,VpsAdmin::API::Resources::ClusterResource::Update,HaveAPI::Actions::Default::Update,,True,admin_only,,,,api/lib/vpsadmin/api/resources/cluster_resource.rb,84,104
VpsAdmin::API::Resources::ClusterResourcePackage,Create,VpsAdmin::API::Resources::ClusterResourcePackage::Create,HaveAPI::Actions::Default::Create,,True,admin_only,,,,api/lib/vpsadmin/api/resources/cluster_resource_package.rb,73,94
VpsAdmin::API::Resources::ClusterResourcePackage,Delete,VpsAdmin::API::Resources::ClusterResourcePackage::Delete,HaveAPI::Actions::Default::Delete,,True,admin_only,,,,api/lib/vpsadmin/api/resources/cluster_resource_package.rb,119,137
VpsAdmin::API::Resources::ClusterResourcePackage,Index,VpsAdmin::API::Resources::ClusterResourcePackage::Index,HaveAPI::Actions::Default::Index,,True,admin_only,,,,api/lib/vpsadmin/api/resources/cluster_resource_package.rb,19,51
VpsAdmin::API::Resources::ClusterResourcePackage,Show,VpsAdmin::API::Resources::ClusterResourcePackage::Show,HaveAPI::Actions::Default::Show,,True,admin_only,,,,api/lib/vpsadmin/api/resources/cluster_resource_package.rb,53,71
VpsAdmin::API::Resources::ClusterResourcePackage,Update,VpsAdmin::API::Resources::ClusterResourcePackage::Update,HaveAPI::Actions::Default::Update,,True,admin_only,,,,api/lib/vpsadmin/api/resources/cluster_resource_package.rb,96,117
VpsAdmin::API::Resources::ClusterResourcePackage::Item,Create,VpsAdmin::API::Resources::ClusterResourcePackage::Item::Create,HaveAPI::Actions::Default::Create,,True,admin_only,,,,api/lib/vpsadmin/api/resources/cluster_resource_package.rb,203,227
VpsAdmin::API::Resources::ClusterResourcePackage::Item,Delete,VpsAdmin::API::Resources::ClusterResourcePackage::Item::Delete,HaveAPI::Actions::Default::Delete,,True,admin_only,,,,api/lib/vpsadmin/api/resources/cluster_resource_package.rb,255,270
VpsAdmin::API::Resources::ClusterResourcePackage::Item,Index,VpsAdmin::API::Resources::ClusterResourcePackage::Item::Index,HaveAPI::Actions::Default::Index,,True,admin_only,,,,api/lib/vpsadmin/api/resources/cluster_resource_package.rb,154,178
VpsAdmin::API::Resources::ClusterResourcePackage::Item,Show,VpsAdmin::API::Resources::ClusterResourcePackage::Item::Show,HaveAPI::Actions::Default::Show,,True,admin_only,,,,api/lib/vpsadmin/api/resources/cluster_resource_package.rb,180,201
VpsAdmin::API::Resources::ClusterResourcePackage::Item,Update,VpsAdmin::API::Resources::ClusterResourcePackage::Item::Update,HaveAPI::Actions::Default::Update,,True,admin_only,,,,api/lib/vpsadmin/api/resources/cluster_resource_package.rb,229,253
VpsAdmin::API::Resources::Component,Index,VpsAdmin::API::Resources::Component::Index,HaveAPI::Actions::Default::Index,,True,authenticated,,,,api/lib/vpsadmin/api/resources/component.rb,14,36
VpsAdmin::API::Resources::Component,Show,VpsAdmin::API::Resources::Component::Show,HaveAPI::Actions::Default::Show,False,False,public,,,,api/lib/vpsadmin/api/resources/component.rb,38,57
VpsAdmin::API::Resources::Dataset,Create,VpsAdmin::API::Resources::Dataset::Create,HaveAPI::Actions::Default::Create,,True,owner_or_admin,,True,,api/lib/vpsadmin/api/resources/dataset.rb,159,222
VpsAdmin::API::Resources::Dataset,Delete,VpsAdmin::API::Resources::Dataset::Delete,HaveAPI::Actions::Default::Delete,,True,owner_or_admin,,True,,api/lib/vpsadmin/api/resources/dataset.rb,270,301
VpsAdmin::API::Resources::Dataset,FindByName,VpsAdmin::API::Resources::Dataset::FindByName,HaveAPI::Action,,True,authenticated,get,,find_by_name,api/lib/vpsadmin/api/resources/dataset.rb,105,133
VpsAdmin::API::Resources::Dataset,Index,VpsAdmin::API::Resources::Dataset::Index,HaveAPI::Actions::Default::Index,,True,owner_or_admin,,,,api/lib/vpsadmin/api/resources/dataset.rb,39,103
VpsAdmin::API::Resources::Dataset,Inherit,VpsAdmin::API::Resources::Dataset::Inherit,HaveAPI::Action,,True,owner_or_admin,post,True,{%{resource}_id}/inherit,api/lib/vpsadmin/api/resources/dataset.rb,303,362
VpsAdmin::API::Resources::Dataset,Migrate,VpsAdmin::API::Resources::Dataset::Migrate,HaveAPI::Action,,True,admin_only,post,True,{%{resource}_id}/migrate,api/lib/vpsadmin/api/resources/dataset.rb,364,454
VpsAdmin::API::Resources::Dataset,Show,VpsAdmin::API::Resources::Dataset::Show,HaveAPI::Actions::Default::Show,,True,owner_or_admin,,,,api/lib/vpsadmin/api/resources/dataset.rb,135,157
VpsAdmin::API::Resources::Dataset,Update,VpsAdmin::API::Resources::Dataset::Update,HaveAPI::Actions::Default::Update,,True,owner_or_admin,,True,,api/lib/vpsadmin/api/resources/dataset.rb,224,268
VpsAdmin::API::Resources::Dataset::Plan,Create,VpsAdmin::API::Resources::Dataset::Plan::Create,HaveAPI::Actions::Default::Create,,True,authenticated,,,,api/lib/vpsadmin/api/resources/dataset.rb,744,768
VpsAdmin::API::Resources::Dataset::Plan,Delete,VpsAdmin::API::Resources::Dataset::Plan::Delete,HaveAPI::Actions::Default::Delete,,True,authenticated,,,,api/lib/vpsadmin/api/resources/dataset.rb,770,792
VpsAdmin::API::Resources::Dataset::Plan,Index,VpsAdmin::API::Resources::Dataset::Plan::Index,HaveAPI::Actions::Default::Index,,True,authenticated,,,,api/lib/vpsadmin/api/resources/dataset.rb,693,718
VpsAdmin::API::Resources::Dataset::Plan,Show,VpsAdmin::API::Resources::Dataset::Plan::Show,HaveAPI::Actions::Default::Show,,True,authenticated,,,,api/lib/vpsadmin/api/resources/dataset.rb,720,742
VpsAdmin::API::Resources::Dataset::PropertyHistory,Index,VpsAdmin::API::Resources::Dataset::PropertyHistory::Index,HaveAPI::Actions::Default::Index,,True,authenticated,,,,api/lib/vpsadmin/api/resources/dataset.rb,807,846
VpsAdmin::API::Resources::Dataset::PropertyHistory,Show,VpsAdmin::API::Resources::Dataset::PropertyHistory::Show,HaveAPI::Actions::Default::Show,,True,authenticated,,,,api/lib/vpsadmin/api/resources/dataset.rb,848,870
VpsAdmin::API::Resources::Dataset::Snapshot,Create,VpsAdmin::API::Resources::Dataset::Snapshot::Create,HaveAPI::Actions::Default::Create,,True,owner_or_admin,,True,,api/lib/vpsadmin/api/resources/dataset.rb,530,571
VpsAdmin::API::Resources::Dataset::Snapshot,Delete,VpsAdmin::API::Resources::Dataset::Snapshot::Delete,HaveAPI::Actions::Default::Delete,,True,owner_or_admin,,True,,api/lib/vpsadmin/api/resources/dataset.rb,573,607
VpsAdmin::API::Resources::Dataset::Snapshot,Index,VpsAdmin::API::Resources::Dataset::Snapshot::Index,HaveAPI::Actions::Default::Index,,True,owner_or_admin,,,,api/lib/vpsadmin/api/resources/dataset.rb,472,502
VpsAdmin::API::Resources::Dataset::Snapshot,Rollback,VpsAdmin::API::Resources::Dataset::Snapshot::Rollback,HaveAPI::Action,,True,owner_or_admin,post,True,{%{resource}_id}/rollback,api/lib/vpsadmin/api/resources/dataset.rb,609,674
VpsAdmin::API::Resources::Dataset::Snapshot,Show,VpsAdmin::API::Resources::Dataset::Snapshot::Show,HaveAPI::Actions::Default::Show,,True,owner_or_admin,,,,api/lib/vpsadmin/api/resources/dataset.rb,504,528
VpsAdmin::API::Resources::DatasetExpansion,Create,VpsAdmin::API::Resources::DatasetExpansion::Create,HaveAPI::Actions::Default::Create,,True,admin_only,,True,,api/lib/vpsadmin/api/resources/dataset_expansion.rb,82,129
VpsAdmin::API::Resources::DatasetExpansion,Index,VpsAdmin::API::Resources::DatasetExpansion::Index,HaveAPI::Actions::Default::Index,,True,owner_or_admin,,,,api/lib/vpsadmin/api/resources/dataset_expansion.rb,32,56
VpsAdmin::API::Resources::DatasetExpansion,RegisterExpanded,VpsAdmin::API::Resources::DatasetExpansion::RegisterExpanded,HaveAPI::Action,,True,admin_only,post,,register_expanded,api/lib/vpsadmin/api/resources/dataset_expansion.rb,154,201
VpsAdmin::API::Resources::DatasetExpansion,Show,VpsAdmin::API::Resources::DatasetExpansion::Show,HaveAPI::Actions::Default::Show,,True,owner_or_admin,,,,api/lib/vpsadmin/api/resources/dataset_expansion.rb,58,80
VpsAdmin::API::Resources::DatasetExpansion,Update,VpsAdmin::API::Resources::DatasetExpansion::Update,HaveAPI::Actions::Default::Update,,True,admin_only,,,,api/lib/vpsadmin/api/resources/dataset_expansion.rb,131,152
VpsAdmin::API::Resources::DatasetExpansion::History,Create,VpsAdmin::API::Resources::DatasetExpansion::History::Create,HaveAPI::Actions::Default::Create,,True,admin_only,,True,,api/lib/vpsadmin/api/resources/dataset_expansion.rb,273,306
VpsAdmin::API::Resources::DatasetExpansion::History,Index,VpsAdmin::API::Resources::DatasetExpansion::History::Index,HaveAPI::Actions::Default::Index,,True,owner_or_admin,,,,api/lib/vpsadmin/api/resources/dataset_expansion.rb,217,243
VpsAdmin::API::Resources::DatasetExpansion::History,Show,VpsAdmin::API::Resources::DatasetExpansion::History::Show,HaveAPI::Actions::Default::Show,,True,owner_or_admin,,,,api/lib/vpsadmin/api/resources/dataset_expansion.rb,245,271
VpsAdmin::API::Resources::DatasetPlan,Index,VpsAdmin::API::Resources::DatasetPlan::Index,HaveAPI::Actions::Default::Index,,True,authenticated,,,,api/lib/vpsadmin/api/resources/dataset_plan.rb,19,33
VpsAdmin::API::Resources::DatasetPlan,Show,VpsAdmin::API::Resources::DatasetPlan::Show,HaveAPI::Actions::Default::Show,,True,authenticated,,,,api/lib/vpsadmin/api/resources/dataset_plan.rb,35,49
VpsAdmin::API::Resources::Debug,ArrayTop,VpsAdmin::API::Resources::Debug::ArrayTop,HaveAPI::Action,,True,admin_only,,,,api/lib/vpsadmin/api/resources/debug.rb,82,125
VpsAdmin::API::Resources::Debug,HashTop,VpsAdmin::API::Resources::Debug::HashTop,HaveAPI::Action,,True,admin_only,,,,api/lib/vpsadmin/api/resources/debug.rb,37,80
VpsAdmin::API::Resources::Debug,ListObjectCounts,VpsAdmin::API::Resources::Debug::ListObjectCounts,HaveAPI::Action,,True,admin_only,,,,api/lib/vpsadmin/api/resources/debug.rb,7,35
VpsAdmin::API::Resources::DefaultObjectClusterResource,Create,VpsAdmin::API::Resources::DefaultObjectClusterResource::Create,HaveAPI::Actions::Default::Create,,True,admin_only,,,,api/lib/vpsadmin/api/resources/default_object_cluster_resource.rb,72,96
VpsAdmin::API::Resources::DefaultObjectClusterResource,Delete,VpsAdmin::API::Resources::DefaultObjectClusterResource::Delete,HaveAPI::Actions::Default::Delete,,True,admin_only,,,,api/lib/vpsadmin/api/resources/default_object_cluster_resource.rb,121,134
VpsAdmin::API::Resources::DefaultObjectClusterResource,Index,VpsAdmin::API::Resources::DefaultObjectClusterResource::Index,HaveAPI::Actions::Default::Index,,True,authenticated,,,,api/lib/vpsadmin/api/resources/default_object_cluster_resource.rb,18,50
VpsAdmin::API::Resources::DefaultObjectClusterResource,Show,VpsAdmin::API::Resources::DefaultObjectClusterResource::Show,HaveAPI::Actions::Default::Show,,True,authenticated,,,,api/lib/vpsadmin/api/resources/default_object_cluster_resource.rb,52,70
VpsAdmin::API::Resources::DefaultObjectClusterResource,Update,VpsAdmin::API::Resources::DefaultObjectClusterResource::Update,HaveAPI::Actions::Default::Update,,True,admin_only,,,,api/lib/vpsadmin/api/resources/default_object_cluster_resource.rb,98,119
VpsAdmin::API::Resources::DnsRecord,Create,VpsAdmin::API::Resources::DnsRecord::Create,HaveAPI::Actions::Default::Create,,True,authenticated,,True,,api/lib/vpsadmin/api/resources/dns_record.rb,85,128
VpsAdmin::API::Resources::DnsRecord,Delete,VpsAdmin::API::Resources::DnsRecord::Delete,HaveAPI::Actions::Default::Delete,,True,owner_or_admin,,True,,api/lib/vpsadmin/api/resources/dns_record.rb,169,195
VpsAdmin::API::Resources::DnsRecord,DynamicUpdate,VpsAdmin::API::Resources::DnsRecord::DynamicUpdate,HaveAPI::Action,False,False,public,get,True,dynamic_update/{access_token},api/lib/vpsadmin/api/resources/dns_record.rb,197,225
VpsAdmin::API::Resources::DnsRecord,Index,VpsAdmin::API::Resources::DnsRecord::Index,HaveAPI::Actions::Default::Index,,True,owner_or_admin,,,,api/lib/vpsadmin/api/resources/dns_record.rb,28,60
VpsAdmin::API::Resources::DnsRecord,Show,VpsAdmin::API::Resources::DnsRecord::Show,HaveAPI::Actions::Default::Show,,True,owner_or_admin,,,,api/lib/vpsadmin/api/resources/dns_record.rb,62,83
VpsAdmin::API::Resources::DnsRecord,Update,VpsAdmin::API::Resources::DnsRecord::Update,HaveAPI::Actions::Default::Update,,True,owner_or_admin,,True,,api/lib/vpsadmin/api/resources/dns_record.rb,130,167
VpsAdmin::API::Resources::DnsRecordLog,Index,VpsAdmin::API::Resources::DnsRecordLog::Index,HaveAPI::Actions::Default::Index,,True,owner_or_admin,,,,api/lib/vpsadmin/api/resources/dns_record_log.rb,21,60
VpsAdmin::API::Resources::DnsRecordLog,Show,VpsAdmin::API::Resources::DnsRecordLog::Show,HaveAPI::Actions::Default::Show,,True,owner_or_admin,,,,api/lib/vpsadmin/api/resources/dns_record_log.rb,62,83
VpsAdmin::API::Resources::DnsResolver,Create,VpsAdmin::API::Resources::DnsResolver::Create,HaveAPI::Actions::Default::Create,,True,admin_only,,,,api/lib/vpsadmin/api/resources/dns_resolver.rb,95,118
VpsAdmin::API::Resources::DnsResolver,Delete,VpsAdmin::API::Resources::DnsResolver::Delete,HaveAPI::Actions::Default::Delete,,True,admin_only,,True,,api/lib/vpsadmin/api/resources/dns_resolver.rb,148,173
VpsAdmin::API::Resources::DnsResolver,Index,VpsAdmin::API::Resources::DnsResolver::Index,HaveAPI::Actions::Default::Index,,True,authenticated,,,,api/lib/vpsadmin/api/resources/dns_resolver.rb,24,73
VpsAdmin::API::Resources::DnsResolver,Show,VpsAdmin::API::Resources::DnsResolver::Show,HaveAPI::Actions::Default::Show,,True,authenticated,,,,api/lib/vpsadmin/api/resources/dns_resolver.rb,75,93
VpsAdmin::API::Resources::DnsResolver,Update,VpsAdmin::API::Resources::DnsResolver::Update,HaveAPI::Actions::Default::Update,,True,admin_only,,True,,api/lib/vpsadmin/api/resources/dns_resolver.rb,120,146
VpsAdmin::API::Resources::DnsServer,Create,VpsAdmin::API::Resources::DnsServer::Create,HaveAPI::Actions::Default::Create,,True,admin_only,,,,api/lib/vpsadmin/api/resources/dns_server.rb,71,93
VpsAdmin::API::Resources::DnsServer,Delete,VpsAdmin::API::Resources::DnsServer::Delete,HaveAPI::Actions::Default::Delete,,True,admin_only,,,,api/lib/vpsadmin/api/resources/dns_server.rb,117,134
VpsAdmin::API::Resources::DnsServer,Index,VpsAdmin::API::Resources::DnsServer::Index,HaveAPI::Actions::Default::Index,,True,authenticated,,,,api/lib/vpsadmin/api/resources/dns_server.rb,23,47
VpsAdmin::API::Resources::DnsServer,Show,VpsAdmin::API::Resources::DnsServer::Show,HaveAPI::Actions::Default::Show,,True,authenticated,,,,api/lib/vpsadmin/api/resources/dns_server.rb,49,69
VpsAdmin::API::Resources::DnsServer,Update,VpsAdmin::API::Resources::DnsServer::Update,HaveAPI::Actions::Default::Update,,True,admin_only,,,,api/lib/vpsadmin/api/resources/dns_server.rb,95,115
VpsAdmin::API::Resources::DnsServerZone,Create,VpsAdmin::API::Resources::DnsServerZone::Create,HaveAPI::Actions::Default::Create,,True,admin_only,,True,,api/lib/vpsadmin/api/resources/dns_server_zone.rb,82,111
VpsAdmin::API::Resources::DnsServerZone,Delete,VpsAdmin::API::Resources::DnsServerZone::Delete,HaveAPI::Actions::Default::Delete,,True,admin_only,,True,,api/lib/vpsadmin/api/resources/dns_server_zone.rb,113,130
VpsAdmin::API::Resources::DnsServerZone,Index,VpsAdmin::API::Resources::DnsServerZone::Index,HaveAPI::Actions::Default::Index,,True,owner_or_admin,,,,api/lib/vpsadmin/api/resources/dns_server_zone.rb,24,58
VpsAdmin::API::Resources::DnsServerZone,Show,VpsAdmin::API::Resources::DnsServerZone::Show,HaveAPI::Actions::Default::Show,,True,owner_or_admin,,,,api/lib/vpsadmin/api/resources/dns_server_zone.rb,60,80
VpsAdmin::API::Resources::DnsTsigKey,Create,VpsAdmin::API::Resources::DnsTsigKey::Create,HaveAPI::Actions::Default::Create,,True,owner_or_admin,,,,api/lib/vpsadmin/api/resources/dns_tsig_key.rb,78,104
VpsAdmin::API::Resources::DnsTsigKey,Delete,VpsAdmin::API::Resources::DnsTsigKey::Delete,HaveAPI::Actions::Default::Delete,,True,owner_or_admin,,,,api/lib/vpsadmin/api/resources/dns_tsig_key.rb,106,123
VpsAdmin::API::Resources::DnsTsigKey,Index,VpsAdmin::API::Resources::DnsTsigKey::Index,HaveAPI::Actions::Default::Index,,True,owner_or_admin,,,,api/lib/vpsadmin/api/resources/dns_tsig_key.rb,20,54
VpsAdmin::API::Resources::DnsTsigKey,Show,VpsAdmin::API::Resources::DnsTsigKey::Show,HaveAPI::Actions::Default::Show,,True,owner_or_admin,,,,api/lib/vpsadmin/api/resources/dns_tsig_key.rb,56,76
VpsAdmin::API::Resources::DnsZone,Create,VpsAdmin::API::Resources::DnsZone::Create,HaveAPI::Actions::Default::Create,,True,authenticated,,True,,api/lib/vpsadmin/api/resources/dns_zone.rb,89,140
VpsAdmin::API::Resources::DnsZone,Delete,VpsAdmin::API::Resources::DnsZone::Delete,HaveAPI::Actions::Default::Delete,,True,owner_or_admin,,True,,api/lib/vpsadmin/api/resources/dns_zone.rb,177,209
VpsAdmin::API::Resources::DnsZone,Index,VpsAdmin::API::Resources::DnsZone::Index,HaveAPI::Actions::Default::Index,,True,owner_or_admin,,,,api/lib/vpsadmin/api/resources/dns_zone.rb,28,64
VpsAdmin::API::Resources::DnsZone,Show,VpsAdmin::API::Resources::DnsZone::Show,HaveAPI::Actions::Default::Show,,True,owner_or_admin,,,,api/lib/vpsadmin/api/resources/dns_zone.rb,66,87
VpsAdmin::API::Resources::DnsZone,Update,VpsAdmin::API::Resources::DnsZone::Update,HaveAPI::Actions::Default::Update,,True,owner_or_admin,,True,,api/lib/vpsadmin/api/resources/dns_zone.rb,142,175
VpsAdmin::API::Resources::DnsZoneTransfer,Create,VpsAdmin::API::Resources::DnsZoneTransfer::Create,HaveAPI::Actions::Default::Create,,True,owner_or_admin,,True,,api/lib/vpsadmin/api/resources/dns_zone_transfer.rb,78,117
VpsAdmin::API::Resources::DnsZoneTransfer,Delete,VpsAdmin::API::Resources::DnsZoneTransfer::Delete,HaveAPI::Actions::Default::Delete,,True,owner_or_admin,,True,,api/lib/vpsadmin/api/resources/dns_zone_transfer.rb,119,145
VpsAdmin::API::Resources::DnsZoneTransfer,Index,VpsAdmin::API::Resources::DnsZoneTransfer::Index,HaveAPI::Actions::Default::Index,,True,owner_or_admin,,,,api/lib/vpsadmin/api/resources/dns_zone_transfer.rb,20,54
VpsAdmin::API::Resources::DnsZoneTransfer,Show,VpsAdmin::API::Resources::DnsZoneTransfer::Show,HaveAPI::Actions::Default::Show,,True,owner_or_admin,,,,api/lib/vpsadmin/api/resources/dns_zone_transfer.rb,56,76
VpsAdmin::API::Resources::DnssecRecord,Index,VpsAdmin::API::Resources::DnssecRecord::Index,HaveAPI::Actions::Default::Index,,True,owner_or_admin,,,,api/lib/vpsadmin/api/resources/dnssec_record.rb,19,54
VpsAdmin::API::Resources::DnssecRecord,Show,VpsAdmin::API::Resources::DnssecRecord::Show,HaveAPI::Actions::Default::Show,,True,owner_or_admin,,,,api/lib/vpsadmin/api/resources/dnssec_record.rb,56,76
VpsAdmin::API::Resources::Environment,Create,VpsAdmin::API::Resources::Environment::Create,HaveAPI::Actions::Default::Create,,True,admin_only,,,,api/lib/vpsadmin/api/resources/environment.rb,102,137
VpsAdmin::API::Resources::Environment,Index,VpsAdmin::API::Resources::Environment::Index,HaveAPI::Actions::Default::Index,,True,authenticated,,,,api/lib/vpsadmin/api/resources/environment.rb,27,100
VpsAdmin::API::Resources::Environment,Show,VpsAdmin::API::Resources::Environment::Show,HaveAPI::Actions::Default::Show,,True,authenticated,,,,api/lib/vpsadmin/api/resources/environment.rb,139,165
VpsAdmin::API::Resources::Environment,Update,VpsAdmin::API::Resources::Environment::Update,HaveAPI::Actions::Default::Update,,True,admin_only,,,,api/lib/vpsadmin/api/resources/environment.rb,167,200
VpsAdmin::API::Resources::Environment::DatasetPlan,Index,VpsAdmin::API::Resources::Environment::DatasetPlan::Index,HaveAPI::Actions::Default::Index,,True,authenticated,,,,api/lib/vpsadmin/api/resources/environment.rb,244,270
VpsAdmin::API::Resources::Environment::DatasetPlan,Show,VpsAdmin::API::Resources::Environment::DatasetPlan::Show,HaveAPI::Actions::Default::Show,,True,authenticated,,,,api/lib/vpsadmin/api/resources/environment.rb,272,290
VpsAdmin::API::Resources::Export,Create,VpsAdmin::API::Resources::Export::Create,HaveAPI::Actions::Default::Create,,True,authenticated,,True,,api/lib/vpsadmin/api/resources/export.rb,99,155
VpsAdmin::API::Resources::Export,Delete,VpsAdmin::API::Resources::Export::Delete,HaveAPI::Actions::Default::Delete,,True,owner_or_admin,,True,,api/lib/vpsadmin/api/resources/export.rb,199,225
VpsAdmin::API::Resources::Export,Index,VpsAdmin::API::Resources::Export::Index,HaveAPI::Actions::Default::Index,,True,owner_or_admin,,,,api/lib/vpsadmin/api/resources/export.rb,42,74
VpsAdmin::API::Resources::Export,Show,VpsAdmin::API::Resources::Export::Show,HaveAPI::Actions::Default::Show,,True,owner_or_admin,,,,api/lib/vpsadmin/api/resources/export.rb,76,97
VpsAdmin::API::Resources::Export,Update,VpsAdmin::API::Resources::Export::Update,HaveAPI::Actions::Default::Update,,True,owner_or_admin,,True,,api/lib/vpsadmin/api/resources/export.rb,157,197
VpsAdmin::API::Resources::Export::Host,Create,VpsAdmin::API::Resources::Export::Host::Create,HaveAPI::Actions::Default::Create,,True,owner_or_admin,,True,,api/lib/vpsadmin/api/resources/export.rb,298,338
VpsAdmin::API::Resources::Export::Host,Delete,VpsAdmin::API::Resources::Export::Host::Delete,HaveAPI::Actions::Default::Delete,,True,owner_or_admin,,True,,api/lib/vpsadmin/api/resources/export.rb,381,412
VpsAdmin::API::Resources::Export::Host,Index,VpsAdmin::API::Resources::Export::Host::Index,HaveAPI::Actions::Default::Index,,True,owner_or_admin,,,,api/lib/vpsadmin/api/resources/export.rb,247,273
VpsAdmin::API::Resources::Export::Host,Show,VpsAdmin::API::Resources::Export::Host::Show,HaveAPI::Actions::Default::Show,,True,owner_or_admin,,,,api/lib/vpsadmin/api/resources/export.rb,275,296
VpsAdmin::API::Resources::Export::Host,Update,VpsAdmin::API::Resources::Export::Host::Update,HaveAPI::Actions::Default::Update,,True,owner_or_admin,,True,,api/lib/vpsadmin/api/resources/export.rb,340,379
VpsAdmin::API::Resources::ExportOutage,Index,VpsAdmin::API::Resources::ExportOutage::Index,HaveAPI::Actions::Default::Index,,True,owner_or_admin,,,,plugins/outage_reports/api/resources/export_outage.rb,16,50
VpsAdmin::API::Resources::ExportOutage,Show,VpsAdmin::API::Resources::ExportOutage::Show,HaveAPI::Actions::Default::Show,,True,owner_or_admin,,,,plugins/outage_reports/api/resources/export_outage.rb,52,74
VpsAdmin::API::Resources::HelpBox,Create,VpsAdmin::API::Resources::HelpBox::Create,HaveAPI::Actions::Default::Create,,True,admin_only,,,,plugins/webui/api/resources/help_box.rb,104,125
VpsAdmin::API::Resources::HelpBox,Delete,VpsAdmin::API::Resources::HelpBox::Delete,HaveAPI::Actions::Default::Delete,,True,admin_only,,,,plugins/webui/api/resources/help_box.rb,151,163
VpsAdmin::API::Resources::HelpBox,Index,VpsAdmin::API::Resources::HelpBox::Index,HaveAPI::Actions::Default::Index,False,False,public,,,,plugins/webui/api/resources/help_box.rb,23,81
VpsAdmin::API::Resources::HelpBox,Show,VpsAdmin::API::Resources::HelpBox::Show,HaveAPI::Actions::Default::Show,False,False,public,,,,plugins/webui/api/resources/help_box.rb,83,102
VpsAdmin::API::Resources::HelpBox,Update,VpsAdmin::API::Resources::HelpBox::Update,HaveAPI::Actions::Default::Update,,True,admin_only,,,,plugins/webui/api/resources/help_box.rb,127,149
VpsAdmin::API::Resources::HostIpAddress,Assign,VpsAdmin::API::Resources::HostIpAddress::Assign,HaveAPI::Action,,True,authenticated,post,True,{%{resource}_id}/assign,api/lib/vpsadmin/api/resources/host_ip_address.rb,316,356
VpsAdmin::API::Resources::HostIpAddress,Create,VpsAdmin::API::Resources::HostIpAddress::Create,HaveAPI::Actions::Default::Create,,True,authenticated,,,,api/lib/vpsadmin/api/resources/host_ip_address.rb,217,245
VpsAdmin::API::Resources::HostIpAddress,Delete,VpsAdmin::API::Resources::HostIpAddress::Delete,HaveAPI::Actions::Default::Delete,,True,authenticated,,True,,api/lib/vpsadmin/api/resources/host_ip_address.rb,292,314
VpsAdmin::API::Resources::HostIpAddress,Free,VpsAdmin::API::Resources::HostIpAddress::Free,HaveAPI::Action,,True,authenticated,post,True,{%{resource}_id}/free,api/lib/vpsadmin/api/resources/host_ip_address.rb,358,400
VpsAdmin::API::Resources::HostIpAddress,Index,VpsAdmin::API::Resources::HostIpAddress::Index,HaveAPI::Actions::Default::Index,,True,authenticated,,,,api/lib/vpsadmin/api/resources/host_ip_address.rb,43,174
VpsAdmin::API::Resources::HostIpAddress,Show,VpsAdmin::API::Resources::HostIpAddress::Show,HaveAPI::Actions::Default::Show,,True,authenticated,,,,api/lib/vpsadmin/api/resources/host_ip_address.rb,176,215
VpsAdmin::API::Resources::HostIpAddress,Update,VpsAdmin::API::Resources::HostIpAddress::Update,HaveAPI::Actions::Default::Update,,True,authenticated,,True,,api/lib/vpsadmin/api/resources/host_ip_address.rb,247,290
VpsAdmin::API::Resources::IncidentReport,Create,VpsAdmin::API::Resources::IncidentReport::Create,HaveAPI::Actions::Default::Create,,True,admin_only,,True,,api/lib/vpsadmin/api/resources/incident_report.rb,109,151
VpsAdmin::API::Resources::IncidentReport,Index,VpsAdmin::API::Resources::IncidentReport::Index,HaveAPI::Actions::Default::Index,,True,owner_or_admin,,,,api/lib/vpsadmin/api/resources/incident_report.rb,34,82
VpsAdmin::API::Resources::IncidentReport,Show,VpsAdmin::API::Resources::IncidentReport::Show,HaveAPI::Actions::Default::Show,,True,owner_or_admin,,,,api/lib/vpsadmin/api/resources/incident_report.rb,84,107
VpsAdmin::API::Resources::IncomingPayment,Index,VpsAdmin::API::Resources::IncomingPayment::Index,HaveAPI::Actions::Default::Index,,True,admin_only,,,,plugins/payments/api/resources/incoming_payment.rb,30,61
VpsAdmin::API::Resources::IncomingPayment,Show,VpsAdmin::API::Resources::IncomingPayment::Show,HaveAPI::Actions::Default::Show,,True,admin_only,,,,plugins/payments/api/resources/incoming_payment.rb,63,81
VpsAdmin::API::Resources::IncomingPayment,Update,VpsAdmin::API::Resources::IncomingPayment::Update,HaveAPI::Actions::Default::Update,,True,admin_only,,,,plugins/payments/api/resources/incoming_payment.rb,83,104
VpsAdmin::API::Resources::IpAddress,Assign,VpsAdmin::API::Resources::IpAddress::Assign,HaveAPI::Action,,True,authenticated,post,True,{%{resource}_id}/assign,api/lib/vpsadmin/api/resources/ip_address.rb,294,349
VpsAdmin::API::Resources::IpAddress,AssignWithHostAddress,VpsAdmin::API::Resources::IpAddress::AssignWithHostAddress,HaveAPI::Action,,True,authenticated,post,True,{%{resource}_id}/assign_with_host_address,api/lib/vpsadmin/api/resources/ip_address.rb,351,408
VpsAdmin::API::Resources::IpAddress,Create,VpsAdmin::API::Resources::IpAddress::Create,HaveAPI::Actions::Default::Create,,True,admin_only,,,,api/lib/vpsadmin/api/resources/ip_address.rb,218,252
VpsAdmin::API::Resources::IpAddress,Free,VpsAdmin::API::Resources::IpAddress::Free,HaveAPI::Action,,True,authenticated,post,True,{%{resource}_id}/free,api/lib/vpsadmin/api/resources/ip_address.rb,410,452
VpsAdmin::API::Resources::IpAddress,Index,VpsAdmin::API::Resources::IpAddress::Index,HaveAPI::Actions::Default::Index,,True,authenticated,,,,api/lib/vpsadmin/api/resources/ip_address.rb,41,177
VpsAdmin::API::Resources::IpAddress,Show,VpsAdmin::API::Resources::IpAddress::Show,HaveAPI::Actions::Default::Show,,True,authenticated,,,,api/lib/vpsadmin/api/resources/ip_address.rb,179,216
VpsAdmin::API::Resources::IpAddress,Update,VpsAdmin::API::Resources::IpAddress::Update,HaveAPI::Actions::Default::Update,,True,admin_only,,True,,api/lib/vpsadmin/api/resources/ip_address.rb,254,292
VpsAdmin::API::Resources::IpAddressAssignment,Index,VpsAdmin::API::Resources::IpAddressAssignment::Index,HaveAPI::Actions::Default::Index,,True,owner_or_admin,,,,api/lib/vpsadmin/api/resources/ip_address_assignment.rb,24,122
VpsAdmin::API::Resources::IpAddressAssignment,Show,VpsAdmin::API::Resources::IpAddressAssignment::Show,HaveAPI::Actions::Default::Show,,True,owner_or_admin,,,,api/lib/vpsadmin/api/resources/ip_address_assignment.rb,124,147
VpsAdmin::API::Resources::Language,Index,VpsAdmin::API::Resources::Language::Index,HaveAPI::Actions::Default::Index,,False,public,,,,api/lib/vpsadmin/api/resources/language.rb,12,32
VpsAdmin::API::Resources::Language,Show,VpsAdmin::API::Resources::Language::Show,HaveAPI::Actions::Default::Show,,True,authenticated,,,,api/lib/vpsadmin/api/resources/language.rb,34,50
VpsAdmin::API::Resources::Location,Create,VpsAdmin::API::Resources::Location::Create,HaveAPI::Actions::Default::Create,,True,admin_only,,,,api/lib/vpsadmin/api/resources/location.rb,187,223
VpsAdmin::API::Resources::Location,Index,VpsAdmin::API::Resources::Location::Index,HaveAPI::Actions::Default::Index,,False,public,,,,api/lib/vpsadmin/api/resources/location.rb,24,185
VpsAdmin::API::Resources::Location,Show,VpsAdmin::API::Resources::Location::Show,HaveAPI::Actions::Default::Show,,True,authenticated,,,,api/lib/vpsadmin/api/resources/location.rb,225,253
VpsAdmin::API::Resources::Location,Update,VpsAdmin::API::Resources::Location::Update,HaveAPI::Actions::Default::Update,,True,admin_only,,,,api/lib/vpsadmin/api/resources/location.rb,255,287
VpsAdmin::API::Resources::LocationNetwork,Create,VpsAdmin::API::Resources::LocationNetwork::Create,HaveAPI::Actions::Default::Create,,True,admin_only,,,,api/lib/vpsadmin/api/resources/location_network.rb,81,104
VpsAdmin::API::Resources::LocationNetwork,Delete,VpsAdmin::API::Resources::LocationNetwork::Delete,HaveAPI::Actions::Default::Delete,,True,admin_only,,,,api/lib/vpsadmin/api/resources/location_network.rb,131,144
VpsAdmin::API::Resources::LocationNetwork,Index,VpsAdmin::API::Resources::LocationNetwork::Index,HaveAPI::Actions::Default::Index,,True,admin_only,,,,api/lib/vpsadmin/api/resources/location_network.rb,24,59
VpsAdmin::API::Resources::LocationNetwork,Show,VpsAdmin::API::Resources::LocationNetwork::Show,HaveAPI::Actions::Default::Show,,True,admin_only,,,,api/lib/vpsadmin/api/resources/location_network.rb,61,79
VpsAdmin::API::Resources::LocationNetwork,Update,VpsAdmin::API::Resources::LocationNetwork::Update,HaveAPI::Actions::Default::Update,,True,admin_only,,,,api/lib/vpsadmin/api/resources/location_network.rb,106,129
VpsAdmin::API::Resources::MailLog,Index,VpsAdmin::API::Resources::MailLog::Index,HaveAPI::Actions::Default::Index,,True,admin_only,,,,api/lib/vpsadmin/api/resources/mail_log.rb,26,52
VpsAdmin::API::Resources::MailLog,Show,VpsAdmin::API::Resources::MailLog::Show,HaveAPI::Actions::Default::Show,,True,admin_only,,,,api/lib/vpsadmin/api/resources/mail_log.rb,54,72
VpsAdmin::API::Resources::MailRecipient,Create,VpsAdmin::API::Resources::MailRecipient::Create,HaveAPI::Actions::Default::Create,,True,admin_only,,,,api/lib/vpsadmin/api/resources/mail_recipient.rb,62,87
VpsAdmin::API::Resources::MailRecipient,Delete,VpsAdmin::API::Resources::MailRecipient::Delete,HaveAPI::Actions::Default::Delete,,True,admin_only,,,,api/lib/vpsadmin/api/resources/mail_recipient.rb,116,127
VpsAdmin::API::Resources::MailRecipient,Index,VpsAdmin::API::Resources::MailRecipient::Index,HaveAPI::Actions::Default::Index,,True,admin_only,,,,api/lib/vpsadmin/api/resources/mail_recipient.rb,18,40
VpsAdmin::API::Resources::MailRecipient,Show,VpsAdmin::API::Resources::MailRecipient::Show,HaveAPI::Actions::Default::Show,,True,admin_only,,,,api/lib/vpsadmin/api/resources/mail_recipient.rb,42,60
VpsAdmin::API::Resources::MailRecipient,Update,VpsAdmin::API::Resources::MailRecipient::Update,HaveAPI::Actions::Default::Update,,True,admin_only,,,,api/lib/vpsadmin/api/resources/mail_recipient.rb,89,114
VpsAdmin::API::Resources::MailTemplate,Create,VpsAdmin::API::Resources::MailTemplate::Create,HaveAPI::Actions::Default::Create,,True,admin_only,,,,api/lib/vpsadmin/api/resources/mail_template.rb,64,89
VpsAdmin::API::Resources::MailTemplate,Delete,VpsAdmin::API::Resources::MailTemplate::Delete,HaveAPI::Actions::Default::Delete,,True,admin_only,,,,api/lib/vpsadmin/api/resources/mail_template.rb,118,129
VpsAdmin::API::Resources::MailTemplate,Index,VpsAdmin::API::Resources::MailTemplate::Index,HaveAPI::Actions::Default::Index,,True,admin_only,,,,api/lib/vpsadmin/api/resources/mail_template.rb,20,42
VpsAdmin::API::Resources::MailTemplate,Show,VpsAdmin::API::Resources::MailTemplate::Show,HaveAPI::Actions::Default::Show,,True,admin_only,,,,api/lib/vpsadmin/api/resources/mail_template.rb,44,62
VpsAdmin::API::Resources::MailTemplate,Update,VpsAdmin::API::Resources::MailTemplate::Update,HaveAPI::Actions::Default::Update,,True,admin_only,,,,api/lib/vpsadmin/api/resources/mail_template.rb,91,116
VpsAdmin::API::Resources::MailTemplate::Recipient,Create,VpsAdmin::API::Resources::MailTemplate::Recipient::Create,HaveAPI::Actions::Default::Create,,True,admin_only,,,,api/lib/vpsadmin/api/resources/mail_template.rb,192,223
VpsAdmin::API::Resources::MailTemplate::Recipient,Delete,VpsAdmin::API::Resources::MailTemplate::Recipient::Delete,HaveAPI::Actions::Default::Delete,,True,admin_only,,,,api/lib/vpsadmin/api/resources/mail_template.rb,225,239
VpsAdmin::API::Resources::MailTemplate::Recipient,Index,VpsAdmin::API::Resources::MailTemplate::Recipient::Index,HaveAPI::Actions::Default::Index,,True,admin_only,,,,api/lib/vpsadmin/api/resources/mail_template.rb,145,167
VpsAdmin::API::Resources::MailTemplate::Recipient,Show,VpsAdmin::API::Resources::MailTemplate::Recipient::Show,HaveAPI::Actions::Default::Show,,True,admin_only,,,,api/lib/vpsadmin/api/resources/mail_template.rb,169,190
VpsAdmin::API::Resources::MailTemplate::Translation,Create,VpsAdmin::API::Resources::MailTemplate::Translation::Create,HaveAPI::Actions::Default::Create,,True,admin_only,,,,api/lib/vpsadmin/api/resources/mail_template.rb,311,337
VpsAdmin::API::Resources::MailTemplate::Translation,Delete,VpsAdmin::API::Resources::MailTemplate::Translation::Delete,HaveAPI::Actions::Default::Delete,,True,admin_only,,,,api/lib/vpsadmin/api/resources/mail_template.rb,369,383
VpsAdmin::API::Resources::MailTemplate::Translation,Index,VpsAdmin::API::Resources::MailTemplate::Translation::Index,HaveAPI::Actions::Default::Index,,True,admin_only,,,,api/lib/vpsadmin/api/resources/mail_template.rb,264,286
VpsAdmin::API::Resources::MailTemplate::Translation,Show,VpsAdmin::API::Resources::MailTemplate::Translation::Show,HaveAPI::Actions::Default::Show,,True,admin_only,,,,api/lib/vpsadmin/api/resources/mail_template.rb,288,309
VpsAdmin::API::Resources::MailTemplate::Translation,Update,VpsAdmin::API::Resources::MailTemplate::Translation::Update,HaveAPI::Actions::Default::Update,,True,admin_only,,,,api/lib/vpsadmin/api/resources/mail_template.rb,339,367
VpsAdmin::API::Resources::Mailbox,Create,VpsAdmin::API::Resources::Mailbox::Create,HaveAPI::Actions::Default::Create,,True,admin_only,,,,api/lib/vpsadmin/api/resources/mailbox.rb,70,90
VpsAdmin::API::Resources::Mailbox,Delete,VpsAdmin::API::Resources::Mailbox::Delete,HaveAPI::Actions::Default::Delete,,True,admin_only,,,,api/lib/vpsadmin/api/resources/mailbox.rb,112,123
VpsAdmin::API::Resources::Mailbox,Index,VpsAdmin::API::Resources::Mailbox::Index,HaveAPI::Actions::Default::Index,,True,admin_only,,,,api/lib/vpsadmin/api/resources/mailbox.rb,26,48
VpsAdmin::API::Resources::Mailbox,Show,VpsAdmin::API::Resources::Mailbox::Show,HaveAPI::Actions::Default::Show,,True,admin_only,,,,api/lib/vpsadmin/api/resources/mailbox.rb,50,68
VpsAdmin::API::Resources::Mailbox,Update,VpsAdmin::API::Resources::Mailbox::Update,HaveAPI::Actions::Default::Update,,True,admin_only,,,,api/lib/vpsadmin/api/resources/mailbox.rb,92,110
VpsAdmin::API::Resources::Mailbox::Handler,Create,VpsAdmin::API::Resources::Mailbox::Handler::Create,HaveAPI::Actions::Default::Create,,True,admin_only,,,,api/lib/vpsadmin/api/resources/mailbox.rb,193,213
VpsAdmin::API::Resources::Mailbox::Handler,Delete,VpsAdmin::API::Resources::Mailbox::Handler::Delete,HaveAPI::Actions::Default::Delete,,True,admin_only,,,,api/lib/vpsadmin/api/resources/mailbox.rb,238,252
VpsAdmin::API::Resources::Mailbox::Handler,Index,VpsAdmin::API::Resources::Mailbox::Handler::Index,HaveAPI::Actions::Default::Index,,True,admin_only,,,,api/lib/vpsadmin/api/resources/mailbox.rb,143,167
VpsAdmin::API::Resources::Mailbox::Handler,Show,VpsAdmin::API::Resources::Mailbox::Handler::Show,HaveAPI::Actions::Default::Show,,True,admin_only,,,,api/lib/vpsadmin/api/resources/mailbox.rb,169,191
VpsAdmin::API::Resources::Mailbox::Handler,Update,VpsAdmin::API::Resources::Mailbox::Handler::Update,HaveAPI::Actions::Default::Update,,True,admin_only,,,,api/lib/vpsadmin/api/resources/mailbox.rb,215,236
VpsAdmin::API::Resources::MetricsAccessToken,Create,VpsAdmin::API::Resources::MetricsAccessToken::Create,HaveAPI::Actions::Default::Create,,True,authenticated,,,,api/lib/vpsadmin/api/resources/metrics_access_token.rb,72,99
VpsAdmin::API::Resources::MetricsAccessToken,Delete,VpsAdmin::API::Resources::MetricsAccessToken::Delete,HaveAPI::Actions::Default::Delete,,True,authenticated,,,,api/lib/vpsadmin/api/resources/metrics_access_token.rb,101,115
VpsAdmin::API::Resources::MetricsAccessToken,Index,VpsAdmin::API::Resources::MetricsAccessToken::Index,HaveAPI::Actions::Default::Index,,True,authenticated,,,,api/lib/vpsadmin/api/resources/metrics_access_token.rb,21,50
VpsAdmin::API::Resources::MetricsAccessToken,Show,VpsAdmin::API::Resources::MetricsAccessToken::Show,HaveAPI::Actions::Default::Show,,True,authenticated,,,,api/lib/vpsadmin/api/resources/metrics_access_token.rb,52,70
VpsAdmin::API::Resources::MigrationPlan,Cancel,VpsAdmin::API::Resources::MigrationPlan::Cancel,HaveAPI::Action,,True,admin_only,post,,{%{resource}_id}/cancel,api/lib/vpsadmin/api/resources/migration_plan.rb,122,143
VpsAdmin::API::Resources::MigrationPlan,Create,VpsAdmin::API::Resources::MigrationPlan::Create,HaveAPI::Actions::Default::Create,,True,admin_only,,,,api/lib/vpsadmin/api/resources/migration_plan.rb,74,97
VpsAdmin::API::Resources::MigrationPlan,Delete,VpsAdmin::API::Resources::MigrationPlan::Delete,HaveAPI::Actions::Default::Delete,,True,admin_only,,,,api/lib/vpsadmin/api/resources/migration_plan.rb,145,160
VpsAdmin::API::Resources::MigrationPlan,Index,VpsAdmin::API::Resources::MigrationPlan::Index,HaveAPI::Actions::Default::Index,,True,admin_only,,,,api/lib/vpsadmin/api/resources/migration_plan.rb,22,52
VpsAdmin::API::Resources::MigrationPlan,Show,VpsAdmin::API::Resources::MigrationPlan::Show,HaveAPI::Actions::Default::Show,,True,admin_only,,,,api/lib/vpsadmin/api/resources/migration_plan.rb,54,72
VpsAdmin::API::Resources::MigrationPlan,Start,VpsAdmin::API::Resources::MigrationPlan::Start,HaveAPI::Action,,True,admin_only,post,,{%{resource}_id}/start,api/lib/vpsadmin/api/resources/migration_plan.rb,99,120
VpsAdmin::API::Resources::MigrationPlan::VpsMigration,Create,VpsAdmin::API::Resources::MigrationPlan::VpsMigration::Create,HaveAPI::Actions::Default::Create,,True,admin_only,,,,api/lib/vpsadmin/api/resources/migration_plan.rb,242,274
VpsAdmin::API::Resources::MigrationPlan::VpsMigration,Index,VpsAdmin::API::Resources::MigrationPlan::VpsMigration::Index,HaveAPI::Actions::Default::Index,,True,admin_only,,,,api/lib/vpsadmin/api/resources/migration_plan.rb,185,217
VpsAdmin::API::Resources::MigrationPlan::VpsMigration,Show,VpsAdmin::API::Resources::MigrationPlan::VpsMigration::Show,HaveAPI::Actions::Default::Show,,True,admin_only,,,,api/lib/vpsadmin/api/resources/migration_plan.rb,219,240
VpsAdmin::API::Resources::MonitoredEvent,Acknowledge,VpsAdmin::API::Resources::MonitoredEvent::Acknowledge,HaveAPI::Action,,True,owner_or_admin,post,,{%{resource}_id}/acknowledge,plugins/monitoring/api/resources/monitored_event.rb,116,150
VpsAdmin::API::Resources::MonitoredEvent,Ignore,VpsAdmin::API::Resources::MonitoredEvent::Ignore,HaveAPI::Action,,True,owner_or_admin,post,,{%{resource}_id}/ignore,plugins/monitoring/api/resources/monitored_event.rb,152,185
VpsAdmin::API::Resources::MonitoredEvent,Index,VpsAdmin::API::Resources::MonitoredEvent::Index,HaveAPI::Actions::Default::Index,,True,owner_or_admin,,,,plugins/monitoring/api/resources/monitored_event.rb,21,85
VpsAdmin::API::Resources::MonitoredEvent,Show,VpsAdmin::API::Resources::MonitoredEvent::Show,HaveAPI::Actions::Default::Show,,True,owner_or_admin,,,,plugins/monitoring/api/resources/monitored_event.rb,87,114
VpsAdmin::API::Resources::MonitoredEvent::Log,Index,VpsAdmin::API::Resources::MonitoredEvent::Log::Index,HaveAPI::Actions::Default::Index,,True,owner_or_admin,,,,plugins/monitoring/api/resources/monitored_event.rb,199,244
VpsAdmin::API::Resources::MonitoredEvent::Log,Show,VpsAdmin::API::Resources::MonitoredEvent::Log::Show,HaveAPI::Actions::Default::Show,,True,owner_or_admin,,,,plugins/monitoring/api/resources/monitored_event.rb,246,269
VpsAdmin::API::Resources::Network,AddAddresses,VpsAdmin::API::Resources::Network::AddAddresses,HaveAPI::Action,,True,admin_only,post,,{%{resource}_id}/add_addresses,api/lib/vpsadmin/api/resources/network.rb,167,203
VpsAdmin::API::Resources::Network,Create,VpsAdmin::API::Resources::Network::Create,HaveAPI::Actions::Default::Create,,True,admin_only,,True,,api/lib/vpsadmin/api/resources/network.rb,99,139
VpsAdmin::API::Resources::Network,Index,VpsAdmin::API::Resources::Network::Index,HaveAPI::Actions::Default::Index,,True,authenticated,,,,api/lib/vpsadmin/api/resources/network.rb,33,73
VpsAdmin::API::Resources::Network,Show,VpsAdmin::API::Resources::Network::Show,HaveAPI::Actions::Default::Show,,True,authenticated,,,,api/lib/vpsadmin/api/resources/network.rb,75,97
VpsAdmin::API::Resources::Network,Update,VpsAdmin::API::Resources::Network::Update,HaveAPI::Actions::Default::Update,,True,admin_only,,,,api/lib/vpsadmin/api/resources/network.rb,141,165
VpsAdmin::API::Resources::NetworkInterface,Index,VpsAdmin::API::Resources::NetworkInterface::Index,HaveAPI::Actions::Default::Index,,True,owner_or_admin,,,,api/lib/vpsadmin/api/resources/network_interface.rb,20,60
VpsAdmin::API::Resources::NetworkInterface,Show,VpsAdmin::API::Resources::NetworkInterface::Show,HaveAPI::Actions::Default::Show,,True,owner_or_admin,,,,api/lib/vpsadmin/api/resources/network_interface.rb,62,84
VpsAdmin::API::Resources::NetworkInterface,Update,VpsAdmin::API::Resources::NetworkInterface::Update,HaveAPI::Actions::Default::Update,,True,owner_or_admin,,True,,api/lib/vpsadmin/api/resources/network_interface.rb,86,127
VpsAdmin::API::Resources::NetworkInterfaceAccounting,Index,VpsAdmin::API::Resources::NetworkInterfaceAccounting::Index,HaveAPI::Actions::Default::Index,,True,owner_or_admin,,,,api/lib/vpsadmin/api/resources/network_interface_accounting.rb,20,131
VpsAdmin::API::Resources::NetworkInterfaceAccounting,UserTop,VpsAdmin::API::Resources::NetworkInterfaceAccounting::UserTop,HaveAPI::Actions::Default::Index,,True,admin_only,get,,user_top,api/lib/vpsadmin/api/resources/network_interface_accounting.rb,133,223
VpsAdmin::API::Resources::NetworkInterfaceMonitor,Index,VpsAdmin::API::Resources::NetworkInterfaceMonitor::Index,HaveAPI::Actions::Default::Index,,True,authenticated,,,,api/lib/vpsadmin/api/resources/network_interface_monitor.rb,19,118
VpsAdmin::API::Resources::NetworkInterfaceMonitor,Show,VpsAdmin::API::Resources::NetworkInterfaceMonitor::Show,HaveAPI::Actions::Default::Show,,True,authenticated,,,,api/lib/vpsadmin/api/resources/network_interface_monitor.rb,120,142
VpsAdmin::API::Resources::NewsLog,Create,VpsAdmin::API::Resources::NewsLog::Create,HaveAPI::Actions::Default::Create,,True,admin_only,,,,plugins/newslog/api/resources/news_log.rb,74,96
VpsAdmin::API::Resources::NewsLog,Delete,VpsAdmin::API::Resources::NewsLog::Delete,HaveAPI::Actions::Default::Delete,,True,admin_only,,,,plugins/newslog/api/resources/news_log.rb,123,135
VpsAdmin::API::Resources::NewsLog,Index,VpsAdmin::API::Resources::NewsLog::Index,HaveAPI::Actions::Default::Index,False,False,public,,,,plugins/newslog/api/resources/news_log.rb,18,51
VpsAdmin::API::Resources::NewsLog,Show,VpsAdmin::API::Resources::NewsLog::Show,HaveAPI::Actions::Default::Show,False,False,public,,,,plugins/newslog/api/resources/news_log.rb,53,72
VpsAdmin::API::Resources::NewsLog,Update,VpsAdmin::API::Resources::NewsLog::Update,HaveAPI::Actions::Default::Update,,True,admin_only,,,,plugins/newslog/api/resources/news_log.rb,98,121
VpsAdmin::API::Resources::Node,Create,VpsAdmin::API::Resources::Node::Create,HaveAPI::Actions::Default::Create,,True,admin_only,,True,,api/lib/vpsadmin/api/resources/node.rb,153,188
VpsAdmin::API::Resources::Node,Evacuate,VpsAdmin::API::Resources::Node::Evacuate,HaveAPI::Action,,True,admin_only,post,,{%{resource}_id}/evacuate,api/lib/vpsadmin/api/resources/node.rb,393,434
VpsAdmin::API::Resources::Node,Index,VpsAdmin::API::Resources::Node::Index,HaveAPI::Actions::Default::Index,,True,authenticated,,,,api/lib/vpsadmin/api/resources/node.rb,69,151
VpsAdmin::API::Resources::Node,OverviewList,VpsAdmin::API::Resources::Node::OverviewList,HaveAPI::Action,,True,admin_only,get,,overview_list,api/lib/vpsadmin/api/resources/node.rb,190,219
VpsAdmin::API::Resources::Node,PublicStatus,VpsAdmin::API::Resources::Node::PublicStatus,HaveAPI::Action,False,False,public,,,,api/lib/vpsadmin/api/resources/node.rb,221,302
VpsAdmin::API::Resources::Node,Show,VpsAdmin::API::Resources::Node::Show,HaveAPI::Actions::Default::Show,,True,authenticated,,,,api/lib/vpsadmin/api/resources/node.rb,304,340
VpsAdmin::API::Resources::Node,Update,VpsAdmin::API::Resources::Node::Update,HaveAPI::Actions::Default::Update,,True,admin_only,,,,api/lib/vpsadmin/api/resources/node.rb,342,374
VpsAdmin::API::Resources::Node::Status,Index,VpsAdmin::API::Resources::Node::Status::Index,HaveAPI::Actions::Default::Index,,True,admin_only,,,,api/lib/vpsadmin/api/resources/node.rb,472,503
VpsAdmin::API::Resources::Node::Status,Show,VpsAdmin::API::Resources::Node::Status::Show,HaveAPI::Actions::Default::Show,,True,admin_only,,,,api/lib/vpsadmin/api/resources/node.rb,505,518
VpsAdmin::API::Resources::Oauth2Client,Create,VpsAdmin::API::Resources::Oauth2Client::Create,HaveAPI::Actions::Default::Create,,True,admin_only,,,,api/lib/vpsadmin/api/resources/oauth2_client.rb,73,102
VpsAdmin::API::Resources::Oauth2Client,Delete,VpsAdmin::API::Resources::Oauth2Client::Delete,HaveAPI::Actions::Default::Delete,,True,admin_only,,,,api/lib/vpsadmin/api/resources/oauth2_client.rb,130,142
VpsAdmin::API::Resources::Oauth2Client,Index,VpsAdmin::API::Resources::Oauth2Client::Index,HaveAPI::Actions::Default::Index,,True,admin_only,,,,api/lib/vpsadmin/api/resources/oauth2_client.rb,29,51
VpsAdmin::API::Resources::Oauth2Client,Show,VpsAdmin::API::Resources::Oauth2Client::Show,HaveAPI::Actions::Default::Show,,True,admin_only,,,,api/lib/vpsadmin/api/resources/oauth2_client.rb,53,71
VpsAdmin::API::Resources::Oauth2Client,Update,VpsAdmin::API::Resources::Oauth2Client::Update,HaveAPI::Actions::Default::Update,,True,admin_only,,,,api/lib/vpsadmin/api/resources/oauth2_client.rb,104,128
VpsAdmin::API::Resources::ObjectHistory,Index,VpsAdmin::API::Resources::ObjectHistory::Index,HaveAPI::Actions::Default::Index,,True,authenticated,,,,api/lib/vpsadmin/api/resources/object_history.rb,21,58
VpsAdmin::API::Resources::ObjectHistory,Show,VpsAdmin::API::Resources::ObjectHistory::Show,HaveAPI::Actions::Default::Show,,True,authenticated,,,,api/lib/vpsadmin/api/resources/object_history.rb,60,82
VpsAdmin::API::Resources::OomReport,Index,VpsAdmin::API::Resources::OomReport::Index,HaveAPI::Actions::Default::Index,,True,owner_or_admin,,,,api/lib/vpsadmin/api/resources/oom_report.rb,32,89
VpsAdmin::API::Resources::OomReport,Show,VpsAdmin::API::Resources::OomReport::Show,HaveAPI::Actions::Default::Show,,True,owner_or_admin,,,,api/lib/vpsadmin/api/resources/oom_report.rb,91,111
VpsAdmin::API::Resources::OomReport::Stat,Index,VpsAdmin::API::Resources::OomReport::Stat::Index,HaveAPI::Actions::Default::Index,,True,owner_or_admin,,,,api/lib/vpsadmin/api/resources/oom_report.rb,191,217
VpsAdmin::API::Resources::OomReport::Stat,Show,VpsAdmin::API::Resources::OomReport::Stat::Show,HaveAPI::Actions::Default::Show,,True,owner_or_admin,,,,api/lib/vpsadmin/api/resources/oom_report.rb,219,242
VpsAdmin::API::Resources::OomReport::Task,Index,VpsAdmin::API::Resources::OomReport::Task::Index,HaveAPI::Actions::Default::Index,,True,owner_or_admin,,,,api/lib/vpsadmin/api/resources/oom_report.rb,267,293
VpsAdmin::API::Resources::OomReport::Task,Show,VpsAdmin::API::Resources::OomReport::Task::Show,HaveAPI::Actions::Default::Show,,True,owner_or_admin,,,,api/lib/vpsadmin/api/resources/oom_report.rb,295,318
VpsAdmin::API::Resources::OomReport::Usage,Index,VpsAdmin::API::Resources::OomReport::Usage::Index,HaveAPI::Actions::Default::Index,,True,owner_or_admin,,,,api/lib/vpsadmin/api/resources/oom_report.rb,126,152
VpsAdmin::API::Resources::OomReport::Usage,Show,VpsAdmin::API::Resources::OomReport::Usage::Show,HaveAPI::Actions::Default::Show,,True,owner_or_admin,,,,api/lib/vpsadmin/api/resources/oom_report.rb,154,177
VpsAdmin::API::Resources::OomReportRule,Create,VpsAdmin::API::Resources::OomReportRule::Create,HaveAPI::Actions::Default::Create,,True,authenticated,,,,api/lib/vpsadmin/api/resources/oom_report_rule.rb,69,101
VpsAdmin::API::Resources::OomReportRule,Delete,VpsAdmin::API::Resources::OomReportRule::Delete,HaveAPI::Actions::Default::Delete,,True,owner_or_admin,,,,api/lib/vpsadmin/api/resources/oom_report_rule.rb,125,138
VpsAdmin::API::Resources::OomReportRule,Index,VpsAdmin::API::Resources::OomReportRule::Index,HaveAPI::Actions::Default::Index,,True,owner_or_admin,,,,api/lib/vpsadmin/api/resources/oom_report_rule.rb,21,49
VpsAdmin::API::Resources::OomReportRule,Show,VpsAdmin::API::Resources::OomReportRule::Show,HaveAPI::Actions::Default::Show,,True,owner_or_admin,,,,api/lib/vpsadmin/api/resources/oom_report_rule.rb,51,67
VpsAdmin::API::Resources::OomReportRule,Update,VpsAdmin::API::Resources::OomReportRule::Update,HaveAPI::Actions::Default::Update,,True,owner_or_admin,,,,api/lib/vpsadmin/api/resources/oom_report_rule.rb,103,123
VpsAdmin::API::Resources::OsFamily,Create,VpsAdmin::API::Resources::OsFamily::Create,HaveAPI::Actions::Default::Create,,True,admin_only,,,,api/lib/vpsadmin/api/resources/os_family.rb,58,76
VpsAdmin::API::Resources::OsFamily,Delete,VpsAdmin::API::Resources::OsFamily::Delete,HaveAPI::Actions::Default::Delete,,True,admin_only,,,,api/lib/vpsadmin/api/resources/os_family.rb,98,107
VpsAdmin::API::Resources::OsFamily,Index,VpsAdmin::API::Resources::OsFamily::Index,HaveAPI::Actions::Default::Index,,True,authenticated,,,,api/lib/vpsadmin/api/resources/os_family.rb,16,38
VpsAdmin::API::Resources::OsFamily,Show,VpsAdmin::API::Resources::OsFamily::Show,HaveAPI::Actions::Default::Show,,True,authenticated,,,,api/lib/vpsadmin/api/resources/os_family.rb,40,56
VpsAdmin::API::Resources::OsFamily,Update,VpsAdmin::API::Resources::OsFamily::Update,HaveAPI::Actions::Default::Update,,True,admin_only,,,,api/lib/vpsadmin/api/resources/os_family.rb,78,96
VpsAdmin::API::Resources::OsTemplate,Create,VpsAdmin::API::Resources::OsTemplate::Create,HaveAPI::Actions::Default::Create,,True,admin_only,,,,api/lib/vpsadmin/api/resources/os_template.rb,124,154
VpsAdmin::API::Resources::OsTemplate,Delete,VpsAdmin::API::Resources::OsTemplate::Delete,HaveAPI::Actions::Default::Delete,,True,admin_only,,,,api/lib/vpsadmin/api/resources/os_template.rb,180,192
VpsAdmin::API::Resources::OsTemplate,Index,VpsAdmin::API::Resources::OsTemplate::Index,HaveAPI::Actions::Default::Index,,False,public,,,,api/lib/vpsadmin/api/resources/os_template.rb,36,100
VpsAdmin::API::Resources::OsTemplate,Show,VpsAdmin::API::Resources::OsTemplate::Show,HaveAPI::Actions::Default::Show,,True,authenticated,,,,api/lib/vpsadmin/api/resources/os_template.rb,102,122
VpsAdmin::API::Resources::OsTemplate,Update,VpsAdmin::API::Resources::OsTemplate::Update,HaveAPI::Actions::Default::Update,,True,admin_only,,,,api/lib/vpsadmin/api/resources/os_template.rb,156,178
VpsAdmin::API::Resources::Outage,Create,VpsAdmin::API::Resources::Outage::Create,HaveAPI::Actions::Default::Create,,True,admin_only,,,,plugins/outage_reports/api/resources/outage.rb,233,262
VpsAdmin::API::Resources::Outage,Index,VpsAdmin::API::Resources::Outage::Index,HaveAPI::Actions::Default::Index,False,False,public,,,,plugins/outage_reports/api/resources/outage.rb,60,202
VpsAdmin::API::Resources::Outage,RebuildAffectedVps,VpsAdmin::API::Resources::Outage::RebuildAffectedVps,HaveAPI::Action,,True,admin_only,post,,{%{resource}_id}/rebuild_affected_vps,plugins/outage_reports/api/resources/outage.rb,291,307
VpsAdmin::API::Resources::Outage,Show,VpsAdmin::API::Resources::Outage::Show,HaveAPI::Actions::Default::Show,False,False,public,,,,plugins/outage_reports/api/resources/outage.rb,204,231
VpsAdmin::API::Resources::Outage,Update,VpsAdmin::API::Resources::Outage::Update,HaveAPI::Actions::Default::Update,,True,admin_only,,,,plugins/outage_reports/api/resources/outage.rb,264,289
VpsAdmin::API::Resources::Outage::Entity,Create,VpsAdmin::API::Resources::Outage::Entity::Create,HaveAPI::Actions::Default::Create,,True,admin_only,,,,plugins/outage_reports/api/resources/outage.rb,374,400
VpsAdmin::API::Resources::Outage::Entity,Delete,VpsAdmin::API::Resources::Outage::Entity::Delete,HaveAPI::Actions::Default::Delete,,True,admin_only,,,,plugins/outage_reports/api/resources/outage.rb,402,416
VpsAdmin::API::Resources::Outage::Entity,Index,VpsAdmin::API::Resources::Outage::Entity::Index,HaveAPI::Actions::Default::Index,False,False,public,,,,plugins/outage_reports/api/resources/outage.rb,325,348
VpsAdmin::API::Resources::Outage::Entity,Show,VpsAdmin::API::Resources::Outage::Entity::Show,HaveAPI::Actions::Default::Show,False,False,public,,,,plugins/outage_reports/api/resources/outage.rb,350,372
VpsAdmin::API::Resources::Outage::Handler,Create,VpsAdmin::API::Resources::Outage::Handler::Create,HaveAPI::Actions::Default::Create,,True,admin_only,,,,plugins/outage_reports/api/resources/outage.rb,488,514
VpsAdmin::API::Resources::Outage::Handler,Delete,VpsAdmin::API::Resources::Outage::Handler::Delete,HaveAPI::Actions::Default::Delete,,True,admin_only,,,,plugins/outage_reports/api/resources/outage.rb,542,556
VpsAdmin::API::Resources::Outage::Handler,Index,VpsAdmin::API::Resources::Outage::Handler::Index,HaveAPI::Actions::Default::Index,False,False,public,,,,plugins/outage_reports/api/resources/outage.rb,435,460
VpsAdmin::API::Resources::Outage::Handler,Show,VpsAdmin::API::Resources::Outage::Handler::Show,HaveAPI::Actions::Default::Show,False,False,public,,,,plugins/outage_reports/api/resources/outage.rb,462,486
VpsAdmin::API::Resources::Outage::Handler,Update,VpsAdmin::API::Resources::Outage::Handler::Update,HaveAPI::Actions::Default::Update,,True,admin_only,,,,plugins/outage_reports/api/resources/outage.rb,516,540
VpsAdmin::API::Resources::OutageUpdate,Create,VpsAdmin::API::Resources::OutageUpdate::Create,HaveAPI::Actions::Default::Create,,True,admin_only,,True,,plugins/outage_reports/api/resources/outage_update.rb,110,161
VpsAdmin::API::Resources::OutageUpdate,Index,VpsAdmin::API::Resources::OutageUpdate::Index,HaveAPI::Actions::Default::Index,False,False,public,,,,plugins/outage_reports/api/resources/outage_update.rb,41,79
VpsAdmin::API::Resources::OutageUpdate,Show,VpsAdmin::API::Resources::OutageUpdate::Show,HaveAPI::Actions::Default::Show,False,False,public,,,,plugins/outage_reports/api/resources/outage_update.rb,81,108
VpsAdmin::API::Resources::PaymentStats,EstimateIncome,VpsAdmin::API::Resources::PaymentStats::EstimateIncome,HaveAPI::Action,,True,admin_only,,,,plugins/payments/api/resources/payment_stats.rb,6,56
VpsAdmin::API::Resources::Pool,Create,VpsAdmin::API::Resources::Pool::Create,HaveAPI::Actions::Default::Create,,True,admin_only,,True,,api/lib/vpsadmin/api/resources/pool.rb,96,127
VpsAdmin::API::Resources::Pool,Index,VpsAdmin::API::Resources::Pool::Index,HaveAPI::Actions::Default::Index,,True,authenticated,,,,api/lib/vpsadmin/api/resources/pool.rb,35,72
VpsAdmin::API::Resources::Pool,Show,VpsAdmin::API::Resources::Pool::Show,HaveAPI::Actions::Default::Show,,True,authenticated,,,,api/lib/vpsadmin/api/resources/pool.rb,74,94
VpsAdmin::API::Resources::SnapshotDownload,Create,VpsAdmin::API::Resources::SnapshotDownload::Create,HaveAPI::Actions::Default::Create,,True,owner_or_admin,,True,,api/lib/vpsadmin/api/resources/snapshot_download.rb,90,151
VpsAdmin::API::Resources::SnapshotDownload,Delete,VpsAdmin::API::Resources::SnapshotDownload::Delete,HaveAPI::Actions::Default::Delete,,True,authenticated,,True,,api/lib/vpsadmin/api/resources/snapshot_download.rb,153,172
VpsAdmin::API::Resources::SnapshotDownload,Index,VpsAdmin::API::Resources::SnapshotDownload::Index,HaveAPI::Actions::Default::Index,,True,authenticated,,,,api/lib/vpsadmin/api/resources/snapshot_download.rb,34,68
VpsAdmin::API::Resources::SnapshotDownload,Show,VpsAdmin::API::Resources::SnapshotDownload::Show,HaveAPI::Actions::Default::Show,,True,authenticated,,,,api/lib/vpsadmin/api/resources/snapshot_download.rb,70,88
VpsAdmin::API::Resources::SystemConfig,Index,VpsAdmin::API::Resources::SystemConfig::Index,HaveAPI::Actions::Default::Index,False,False,public,,,,api/lib/vpsadmin/api/resources/system_config.rb,16,45
VpsAdmin::API::Resources::SystemConfig,Show,VpsAdmin::API::Resources::SystemConfig::Show,HaveAPI::Action,False,False,public,,,{category}/{name},api/lib/vpsadmin/api/resources/system_config.rb,47,79
VpsAdmin::API::Resources::SystemConfig,Update,VpsAdmin::API::Resources::SystemConfig::Update,HaveAPI::Action,,True,admin_only,put,,{category}/{name},api/lib/vpsadmin/api/resources/system_config.rb,81,107
VpsAdmin::API::Resources::Transaction,Index,VpsAdmin::API::Resources::Transaction::Index,HaveAPI::Actions::Default::Index,,True,authenticated,,,,api/lib/vpsadmin/api/resources/transaction.rb,26,69
VpsAdmin::API::Resources::Transaction,Show,VpsAdmin::API::Resources::Transaction::Show,HaveAPI::Actions::Default::Show,,True,authenticated,,,,api/lib/vpsadmin/api/resources/transaction.rb,71,94
VpsAdmin::API::Resources::TransactionChain,Index,VpsAdmin::API::Resources::TransactionChain::Index,HaveAPI::Actions::Default::Index,,True,authenticated,,,,api/lib/vpsadmin/api/resources/transaction_chain.rb,18,74
VpsAdmin::API::Resources::TransactionChain,Show,VpsAdmin::API::Resources::TransactionChain::Show,HaveAPI::Actions::Default::Show,,True,authenticated,,,,api/lib/vpsadmin/api/resources/transaction_chain.rb,76,97
VpsAdmin::API::Resources::User,Create,VpsAdmin::API::Resources::User::Create,HaveAPI::Actions::Default::Create,,True,admin_only,,True,,api/lib/vpsadmin/api/resources/user.rb,120,179
VpsAdmin::API::Resources::User,Current,VpsAdmin::API::Resources::User::Current,HaveAPI::Action,,True,authenticated,,,,api/lib/vpsadmin/api/resources/user.rb,181,199
VpsAdmin::API::Resources::User,Delete,VpsAdmin::API::Resources::User::Delete,HaveAPI::Actions::Default::Delete,,True,admin_only,,True,,api/lib/vpsadmin/api/resources/user.rb,333,348
VpsAdmin::API::Resources::User,GetPaymentInstructions,VpsAdmin::API::Resources::User::GetPaymentInstructions,HaveAPI::Action,,True,authenticated,get,,{%{resource}_id}/get_payment_instructions,plugins/payments/api/resources/override.rb,26,43
VpsAdmin::API::Resources::User,Index,VpsAdmin::API::Resources::User::Index,HaveAPI::Actions::Default::Index,,True,owner_or_admin,,,,api/lib/vpsadmin/api/resources/user.rb,63,118
VpsAdmin::API::Resources::User,Show,VpsAdmin::API::Resources::User::Show,HaveAPI::Actions::Default::Show,,True,authenticated,,,,api/lib/vpsadmin/api/resources/user.rb,221,239
VpsAdmin::API::Resources::User,Touch,VpsAdmin::API::Resources::User::Touch,HaveAPI::Action,,True,authenticated,,,{user_id}/touch,api/lib/vpsadmin/api/resources/user.rb,201,219
VpsAdmin::API::Resources::User,Update,VpsAdmin::API::Resources::User::Update,HaveAPI::Actions::Default::Update,,True,authenticated,,True,,api/lib/vpsadmin/api/resources/user.rb,241,331
VpsAdmin::API::Resources::User::ClusterResource,Create,VpsAdmin::API::Resources::User::ClusterResource::Create,HaveAPI::Actions::Default::Create,,True,admin_only,,,,api/lib/vpsadmin/api/resources/user.rb,550,572
VpsAdmin::API::Resources::User::ClusterResource,Index,VpsAdmin::API::Resources::User::ClusterResource::Index,HaveAPI::Actions::Default::Index,,True,authenticated,,,,api/lib/vpsadmin/api/resources/user.rb,488,520
VpsAdmin::API::Resources::User::ClusterResource,Show,VpsAdmin::API::Resources::User::ClusterResource::Show,HaveAPI::Actions::Default::Show,,True,authenticated,,,,api/lib/vpsadmin/api/resources/user.rb,522,548
VpsAdmin::API::Resources::User::EnvironmentConfig,Index,VpsAdmin::API::Resources::User::EnvironmentConfig::Index,HaveAPI::Actions::Default::Index,,True,authenticated,,,,api/lib/vpsadmin/api/resources/user.rb,373,407
VpsAdmin::API::Resources::User::EnvironmentConfig,Show,VpsAdmin::API::Resources::User::EnvironmentConfig::Show,HaveAPI::Actions::Default::Show,,True,authenticated,,,,api/lib/vpsadmin/api/resources/user.rb,409,434
VpsAdmin::API::Resources::User::EnvironmentConfig,Update,VpsAdmin::API::Resources::User::EnvironmentConfig::Update,HaveAPI::Actions::Default::Update,,True,admin_only,,,,api/lib/vpsadmin/api/resources/user.rb,436,459
VpsAdmin::API::Resources::User::KnownDevice,Delete,VpsAdmin::API::Resources::User::KnownDevice::Delete,HaveAPI::Actions::Default::Delete,,True,authenticated,,,,api/lib/vpsadmin/api/resources/user.rb,645,663
VpsAdmin::API::Resources::User::KnownDevice,Index,VpsAdmin::API::Resources::User::KnownDevice::Index,HaveAPI::Actions::Default::Index,,True,authenticated,,,,api/lib/vpsadmin/api/resources/user.rb,593,617
VpsAdmin::API::Resources::User::KnownDevice,Show,VpsAdmin::API::Resources::User::KnownDevice::Show,HaveAPI::Actions::Default::Show,,True,authenticated,,,,api/lib/vpsadmin/api/resources/user.rb,619,643
VpsAdmin::API::Resources::User::MailRoleRecipient,Index,VpsAdmin::API::Resources::User::MailRoleRecipient::Index,HaveAPI::Actions::Default::Index,,True,authenticated,,,,api/lib/vpsadmin/api/resources/user.rb,1171,1195
VpsAdmin::API::Resources::User::MailRoleRecipient,Show,VpsAdmin::API::Resources::User::MailRoleRecipient::Show,HaveAPI::Actions::Default::Show,,True,authenticated,,,,api/lib/vpsadmin/api/resources/user.rb,1197,1220
VpsAdmin::API::Resources::User::MailRoleRecipient,Update,VpsAdmin::API::Resources::User::MailRoleRecipient::Update,HaveAPI::Actions::Default::Update,,True,authenticated,,,,api/lib/vpsadmin/api/resources/user.rb,1222,1248
VpsAdmin::API::Resources::User::MailTemplateRecipient,Index,VpsAdmin::API::Resources::User::MailTemplateRecipient::Index,HaveAPI::Actions::Default::Index,,True,authenticated,,,,api/lib/vpsadmin/api/resources/user.rb,1264,1288
VpsAdmin::API::Resources::User::MailTemplateRecipient,Show,VpsAdmin::API::Resources::User::MailTemplateRecipient::Show,HaveAPI::Actions::Default::Show,,True,authenticated,,,,api/lib/vpsadmin/api/resources/user.rb,1290,1313
VpsAdmin::API::Resources::User::MailTemplateRecipient,Update,VpsAdmin::API::Resources::User::MailTemplateRecipient::Update,HaveAPI::Actions::Default::Update,,True,authenticated,,,,api/lib/vpsadmin/api/resources/user.rb,1315,1341
VpsAdmin::API::Resources::User::PublicKey,Create,VpsAdmin::API::Resources::User::PublicKey::Create,HaveAPI::Actions::Default::Create,,True,authenticated,,,,api/lib/vpsadmin/api/resources/user.rb,1081,1109
VpsAdmin::API::Resources::User::PublicKey,Delete,VpsAdmin::API::Resources::User::PublicKey::Delete,HaveAPI::Actions::Default::Delete,,True,authenticated,,,,api/lib/vpsadmin/api/resources/user.rb,1142,1156
VpsAdmin::API::Resources::User::PublicKey,Index,VpsAdmin::API::Resources::User::PublicKey::Index,HaveAPI::Actions::Default::Index,,True,authenticated,,,,api/lib/vpsadmin/api/resources/user.rb,1033,1057
VpsAdmin::API::Resources::User::PublicKey,Show,VpsAdmin::API::Resources::User::PublicKey::Show,HaveAPI::Actions::Default::Show,,True,authenticated,,,,api/lib/vpsadmin/api/resources/user.rb,1059,1079
VpsAdmin::API::Resources::User::PublicKey,Update,VpsAdmin::API::Resources::User::PublicKey::Update,HaveAPI::Actions::Default::Update,,True,authenticated,,,,api/lib/vpsadmin/api/resources/user.rb,1111,1140
VpsAdmin::API::Resources::User::TotpDevice,Confirm,VpsAdmin::API::Resources::User::TotpDevice::Confirm,HaveAPI::Action,,True,authenticated,post,,{totp_device_id}/confirm,api/lib/vpsadmin/api/resources/user.rb,771,805
VpsAdmin::API::Resources::User::TotpDevice,Create,VpsAdmin::API::Resources::User::TotpDevice::Create,HaveAPI::Actions::Default::Create,,True,authenticated,,,,api/lib/vpsadmin/api/resources/user.rb,744,769
VpsAdmin::API::Resources::User::TotpDevice,Delete,VpsAdmin::API::Resources::User::TotpDevice::Delete,HaveAPI::Actions::Default::Delete,,True,authenticated,,,,api/lib/vpsadmin/api/resources/user.rb,859,879
VpsAdmin::API::Resources::User::TotpDevice,Index,VpsAdmin::API::Resources::User::TotpDevice::Index,HaveAPI::Actions::Default::Index,,True,authenticated,,,,api/lib/vpsadmin/api/resources/user.rb,682,716
VpsAdmin::API::Resources::User::TotpDevice,Show,VpsAdmin::API::Resources::User::TotpDevice::Show,HaveAPI::Actions::Default::Show,,True,authenticated,,,,api/lib/vpsadmin/api/resources/user.rb,718,742
VpsAdmin::API::Resources::User::TotpDevice,Update,VpsAdmin::API::Resources::User::TotpDevice::Update,HaveAPI::Actions::Default::Update,,True,authenticated,,,,api/lib/vpsadmin/api/resources/user.rb,807,857
VpsAdmin::API::Resources::User::WebauthnCredential,Delete,VpsAdmin::API::Resources::User::WebauthnCredential::Delete,HaveAPI::Actions::Default::Delete,,True,authenticated,,,,api/lib/vpsadmin/api/resources/user.rb,986,1005
VpsAdmin::API::Resources::User::WebauthnCredential,Index,VpsAdmin::API::Resources::User::WebauthnCredential::Index,HaveAPI::Actions::Default::Index,,True,authenticated,,,,api/lib/vpsadmin/api/resources/user.rb,897,927
VpsAdmin::API::Resources::User::WebauthnCredential,Show,VpsAdmin::API::Resources::User::WebauthnCredential::Show,HaveAPI::Actions::Default::Show,,True,authenticated,,,,api/lib/vpsadmin/api/resources/user.rb,929,953
VpsAdmin::API::Resources::User::WebauthnCredential,Update,VpsAdmin::API::Resources::User::WebauthnCredential::Update,HaveAPI::Actions::Default::Update,,True,authenticated,,,,api/lib/vpsadmin/api/resources/user.rb,955,984
VpsAdmin::API::Resources::UserAccount,Index,VpsAdmin::API::Resources::UserAccount::Index,HaveAPI::Actions::Default::Index,,True,admin_only,,,,plugins/payments/api/resources/user_account.rb,16,38
VpsAdmin::API::Resources::UserAccount,Show,VpsAdmin::API::Resources::UserAccount::Show,HaveAPI::Actions::Default::Show,,True,admin_only,,,,plugins/payments/api/resources/user_account.rb,40,58
VpsAdmin::API::Resources::UserAccount,Update,VpsAdmin::API::Resources::UserAccount::Update,HaveAPI::Actions::Default::Update,,True,admin_only,,,,plugins/payments/api/resources/user_account.rb,60,93
VpsAdmin::API::Resources::UserClusterResourcePackage,Create,VpsAdmin::API::Resources::UserClusterResourcePackage::Create,HaveAPI::Actions::Default::Create,,True,admin_only,,,,api/lib/vpsadmin/api/resources/user_cluster_resource_package.rb,85,118
VpsAdmin::API::Resources::UserClusterResourcePackage,Delete,VpsAdmin::API::Resources::UserClusterResourcePackage::Delete,HaveAPI::Actions::Default::Delete,,True,admin_only,,,,api/lib/vpsadmin/api/resources/user_cluster_resource_package.rb,144,161
VpsAdmin::API::Resources::UserClusterResourcePackage,Index,VpsAdmin::API::Resources::UserClusterResourcePackage::Index,HaveAPI::Actions::Default::Index,,True,owner_or_admin,,,,api/lib/vpsadmin/api/resources/user_cluster_resource_package.rb,22,58
VpsAdmin::API::Resources::UserClusterResourcePackage,Show,VpsAdmin::API::Resources::UserClusterResourcePackage::Show,HaveAPI::Actions::Default::Show,,True,owner_or_admin,,,,api/lib/vpsadmin/api/resources/user_cluster_resource_package.rb,60,83
VpsAdmin::API::Resources::UserClusterResourcePackage,Update,VpsAdmin::API::Resources::UserClusterResourcePackage::Update,HaveAPI::Actions::Default::Update,,True,admin_only,,,,api/lib/vpsadmin/api/resources/user_cluster_resource_package.rb,120,142
VpsAdmin::API::Resources::UserClusterResourcePackage::Item,Index,VpsAdmin::API::Resources::UserClusterResourcePackage::Item::Index,HaveAPI::Actions::Default::Index,,True,owner_or_admin,,,,api/lib/vpsadmin/api/resources/user_cluster_resource_package.rb,178,208
VpsAdmin::API::Resources::UserClusterResourcePackage::Item,Show,VpsAdmin::API::Resources::UserClusterResourcePackage::Item::Show,HaveAPI::Actions::Default::Show,,True,owner_or_admin,,,,api/lib/vpsadmin/api/resources/user_cluster_resource_package.rb,210,237
VpsAdmin::API::Resources::UserNamespace,Index,VpsAdmin::API::Resources::UserNamespace::Index,HaveAPI::Actions::Default::Index,,True,owner_or_admin,,,,api/lib/vpsadmin/api/resources/user_namespace.rb,17,53
VpsAdmin::API::Resources::UserNamespace,Show,VpsAdmin::API::Resources::UserNamespace::Show,HaveAPI::Actions::Default::Show,,True,owner_or_admin,,,,api/lib/vpsadmin/api/resources/user_namespace.rb,55,74
VpsAdmin::API::Resources::UserNamespaceMap,Create,VpsAdmin::API::Resources::UserNamespaceMap::Create,HaveAPI::Actions::Default::Create,,True,authenticated,,,,api/lib/vpsadmin/api/resources/user_namespace_map.rb,81,103
VpsAdmin::API::Resources::UserNamespaceMap,Delete,VpsAdmin::API::Resources::UserNamespaceMap::Delete,HaveAPI::Actions::Default::Delete,,True,owner_or_admin,,,,api/lib/vpsadmin/api/resources/user_namespace_map.rb,134,156
VpsAdmin::API::Resources::UserNamespaceMap,Index,VpsAdmin::API::Resources::UserNamespaceMap::Index,HaveAPI::Actions::Default::Index,,True,owner_or_admin,,,,api/lib/vpsadmin/api/resources/user_namespace_map.rb,20,57
VpsAdmin::API::Resources::UserNamespaceMap,Show,VpsAdmin::API::Resources::UserNamespaceMap::Show,HaveAPI::Actions::Default::Show,,True,owner_or_admin,,,,api/lib/vpsadmin/api/resources/user_namespace_map.rb,59,79
VpsAdmin::API::Resources::UserNamespaceMap,Update,VpsAdmin::API::Resources::UserNamespaceMap::Update,HaveAPI::Actions::Default::Update,,True,owner_or_admin,,,,api/lib/vpsadmin/api/resources/user_namespace_map.rb,105,132
VpsAdmin::API::Resources::UserNamespaceMap::Entry,Create,VpsAdmin::API::Resources::UserNamespaceMap::Entry::Create,HaveAPI::Actions::Default::Create,,True,owner_or_admin,,,,api/lib/vpsadmin/api/resources/user_namespace_map.rb,229,274
VpsAdmin::API::Resources::UserNamespaceMap::Entry,Delete,VpsAdmin::API::Resources::UserNamespaceMap::Entry::Delete,HaveAPI::Actions::Default::Delete,,True,owner_or_admin,,,,api/lib/vpsadmin/api/resources/user_namespace_map.rb,312,336
VpsAdmin::API::Resources::UserNamespaceMap::Entry,Index,VpsAdmin::API::Resources::UserNamespaceMap::Entry::Index,HaveAPI::Actions::Default::Index,,True,owner_or_admin,,,,api/lib/vpsadmin/api/resources/user_namespace_map.rb,175,203
VpsAdmin::API::Resources::UserNamespaceMap::Entry,Show,VpsAdmin::API::Resources::UserNamespaceMap::Entry::Show,HaveAPI::Actions::Default::Show,,True,owner_or_admin,,,,api/lib/vpsadmin/api/resources/user_namespace_map.rb,205,227
VpsAdmin::API::Resources::UserNamespaceMap::Entry,Update,VpsAdmin::API::Resources::UserNamespaceMap::Entry::Update,HaveAPI::Actions::Default::Update,,True,owner_or_admin,,,,api/lib/vpsadmin/api/resources/user_namespace_map.rb,276,310
VpsAdmin::API::Resources::UserOutage,Index,VpsAdmin::API::Resources::UserOutage::Index,HaveAPI::Actions::Default::Index,,True,owner_or_admin,,,,plugins/outage_reports/api/resources/user_outage.rb,14,45
VpsAdmin::API::Resources::UserOutage,Show,VpsAdmin::API::Resources::UserOutage::Show,HaveAPI::Actions::Default::Show,,True,owner_or_admin,,,,plugins/outage_reports/api/resources/user_outage.rb,47,67
VpsAdmin::API::Resources::UserPayment,Create,VpsAdmin::API::Resources::UserPayment::Create,HaveAPI::Actions::Default::Create,,True,admin_only,,True,,plugins/payments/api/resources/user_payment.rb,85,119
VpsAdmin::API::Resources::UserPayment,Index,VpsAdmin::API::Resources::UserPayment::Index,HaveAPI::Actions::Default::Index,,True,owner_or_admin,,,,plugins/payments/api/resources/user_payment.rb,21,59
VpsAdmin::API::Resources::UserPayment,Show,VpsAdmin::API::Resources::UserPayment::Show,HaveAPI::Actions::Default::Show,,True,owner_or_admin,,,,plugins/payments/api/resources/user_payment.rb,61,83
VpsAdmin::API::Resources::UserRequest::Change,Create,VpsAdmin::API::Resources::UserRequest::Change::Create,HaveAPI::Actions::Default::Create,,True,authenticated,,,,plugins/requests/api/resources/base.rb,85,104
VpsAdmin::API::Resources::UserRequest::Change,Index,VpsAdmin::API::Resources::UserRequest::Change::Index,HaveAPI::Actions::Default::Index,,True,owner_or_admin,,,,plugins/requests/api/resources/base.rb,25,61
VpsAdmin::API::Resources::UserRequest::Change,Resolve,VpsAdmin::API::Resources::UserRequest::Change::Resolve,HaveAPI::Action,,True,admin_only,post,,{%{resource}_id}/resolve,plugins/requests/api/resources/base.rb,105,145
VpsAdmin::API::Resources::UserRequest::Change,Show,VpsAdmin::API::Resources::UserRequest::Change::Show,HaveAPI::Actions::Default::Show,,True,owner_or_admin,,,,plugins/requests/api/resources/base.rb,62,84
VpsAdmin::API::Resources::UserRequest::Registration,Create,VpsAdmin::API::Resources::UserRequest::Registration::Create,HaveAPI::Actions::Default::Create,False,False,public,,,,plugins/requests/api/resources/base.rb,85,104
VpsAdmin::API::Resources::UserRequest::Registration,Index,VpsAdmin::API::Resources::UserRequest::Registration::Index,HaveAPI::Actions::Default::Index,,True,owner_or_admin,,,,plugins/requests/api/resources/base.rb,25,61
VpsAdmin::API::Resources::UserRequest::Registration,Preview,VpsAdmin::API::Resources::UserRequest::Registration::Preview,HaveAPI::Action,False,False,public,get,,{%{resource}_id}/{token},plugins/requests/api/resources/registration.rb,76,97
VpsAdmin::API::Resources::UserRequest::Registration,Resolve,VpsAdmin::API::Resources::UserRequest::Registration::Resolve,HaveAPI::Action,,True,admin_only,post,,{%{resource}_id}/resolve,plugins/requests/api/resources/base.rb,105,145
VpsAdmin::API::Resources::UserRequest::Registration,Show,VpsAdmin::API::Resources::UserRequest::Registration::Show,HaveAPI::Actions::Default::Show,,True,owner_or_admin,,,,plugins/requests/api/resources/base.rb,62,84
VpsAdmin::API::Resources::UserRequest::Registration,Update,VpsAdmin::API::Resources::UserRequest::Registration::Update,HaveAPI::Actions::Default::Update,False,False,public,,,{%{resource}_id}/{token},plugins/requests/api/resources/registration.rb,99,127
VpsAdmin::API::Resources::UserSession,Close,VpsAdmin::API::Resources::UserSession::Close,HaveAPI::Action,,True,owner_or_admin,post,,{%{resource}_id},api/lib/vpsadmin/api/resources/user_session.rb,178,196
VpsAdmin::API::Resources::UserSession,Create,VpsAdmin::API::Resources::UserSession::Create,HaveAPI::Actions::Default::Create,,True,admin_only,,,,api/lib/vpsadmin/api/resources/user_session.rb,118,150
VpsAdmin::API::Resources::UserSession,Index,VpsAdmin::API::Resources::UserSession::Index,HaveAPI::Actions::Default::Index,,True,owner_or_admin,,,,api/lib/vpsadmin/api/resources/user_session.rb,28,92
VpsAdmin::API::Resources::UserSession,Show,VpsAdmin::API::Resources::UserSession::Show,HaveAPI::Actions::Default::Show,,True,owner_or_admin,,,,api/lib/vpsadmin/api/resources/user_session.rb,94,116
VpsAdmin::API::Resources::UserSession,Update,VpsAdmin::API::Resources::UserSession::Update,HaveAPI::Actions::Default::Update,,True,owner_or_admin,,,,api/lib/vpsadmin/api/resources/user_session.rb,152,176
VpsAdmin::API::Resources::VPS,Boot,VpsAdmin::API::Resources::VPS::Boot,HaveAPI::Action,,True,owner_or_admin,post,True,{%{resource}_id}/boot,api/lib/vpsadmin/api/resources/vps.rb,637,708
VpsAdmin::API::Resources::VPS,Clone,VpsAdmin::API::Resources::VPS::Clone,HaveAPI::Action,,True,owner_or_admin,post,True,{%{resource}_id}/clone,api/lib/vpsadmin/api/resources/vps.rb,825,947
VpsAdmin::API::Resources::VPS,Create,VpsAdmin::API::Resources::VPS::Create,HaveAPI::Actions::Default::Create,,True,authenticated,,True,,api/lib/vpsadmin/api/resources/vps.rb,204,346
VpsAdmin::API::Resources::VPS,Delete,VpsAdmin::API::Resources::VPS::Delete,HaveAPI::Actions::Default::Delete,,True,owner_or_admin,,True,,api/lib/vpsadmin/api/resources/vps.rb,476,515
VpsAdmin::API::Resources::VPS,DeployPublicKey,VpsAdmin::API::Resources::VPS::DeployPublicKey,HaveAPI::Action,,True,owner_or_admin,post,True,{%{resource}_id}/deploy_public_key,api/lib/vpsadmin/api/resources/vps.rb,1038,1068
VpsAdmin::API::Resources::VPS,Index,VpsAdmin::API::Resources::VPS::Index,HaveAPI::Actions::Default::Index,,True,owner_or_admin,,,,api/lib/vpsadmin/api/resources/vps.rb,95,202
VpsAdmin::API::Resources::VPS,Migrate,VpsAdmin::API::Resources::VPS::Migrate,HaveAPI::Action,,True,admin_only,post,True,{%{resource}_id}/migrate,api/lib/vpsadmin/api/resources/vps.rb,746,823
VpsAdmin::API::Resources::VPS,Passwd,VpsAdmin::API::Resources::VPS::Passwd,HaveAPI::Action,,True,owner_or_admin,post,True,{%{resource}_id}/passwd,api/lib/vpsadmin/api/resources/vps.rb,603,635
VpsAdmin::API::Resources::VPS,Reinstall,VpsAdmin::API::Resources::VPS::Reinstall,HaveAPI::Action,,True,owner_or_admin,post,True,{%{resource}_id}/reinstall,api/lib/vpsadmin/api/resources/vps.rb,710,744
VpsAdmin::API::Resources::VPS,Replace,VpsAdmin::API::Resources::VPS::Replace,HaveAPI::Action,,True,admin_only,post,True,{%{resource}_id}/replace,api/lib/vpsadmin/api/resources/vps.rb,997,1036
VpsAdmin::API::Resources::VPS,Restart,VpsAdmin::API::Resources::VPS::Restart,HaveAPI::Action,,True,owner_or_admin,post,True,{%{resource}_id}/restart,api/lib/vpsadmin/api/resources/vps.rb,543,571
VpsAdmin::API::Resources::VPS,Show,VpsAdmin::API::Resources::VPS::Show,HaveAPI::Actions::Default::Show,,True,owner_or_admin,,,,api/lib/vpsadmin/api/resources/vps.rb,348,387
VpsAdmin::API::Resources::VPS,Start,VpsAdmin::API::Resources::VPS::Start,HaveAPI::Action,,True,owner_or_admin,post,True,{%{resource}_id}/start,api/lib/vpsadmin/api/resources/vps.rb,517,541
VpsAdmin::API::Resources::VPS,Stop,VpsAdmin::API::Resources::VPS::Stop,HaveAPI::Action,,True,owner_or_admin,post,True,{%{resource}_id}/stop,api/lib/vpsadmin/api/resources/vps.rb,573,601
VpsAdmin::API::Resources::VPS,SwapWith,VpsAdmin::API::Resources::VPS::SwapWith,HaveAPI::Action,,True,owner_or_admin,post,True,{%{resource}_id}/swap_with,api/lib/vpsadmin/api/resources/vps.rb,949,995
VpsAdmin::API::Resources::VPS,Update,VpsAdmin::API::Resources::VPS::Update,HaveAPI::Actions::Default::Update,,True,owner_or_admin,,True,,api/lib/vpsadmin/api/resources/vps.rb,389,474
VpsAdmin::API::Resources::VPS::ConsoleToken,Create,VpsAdmin::API::Resources::VPS::ConsoleToken::Create,HaveAPI::Actions::Default::Create,,True,owner_or_admin,,,,api/lib/vpsadmin/api/resources/vps.rb,1576,1597
VpsAdmin::API::Resources::VPS::ConsoleToken,Delete,VpsAdmin::API::Resources::VPS::ConsoleToken::Delete,HaveAPI::Actions::Default::Delete,,True,owner_or_admin,,,,api/lib/vpsadmin/api/resources/vps.rb,1618,1631
VpsAdmin::API::Resources::VPS::ConsoleToken,Show,VpsAdmin::API::Resources::VPS::ConsoleToken::Show,HaveAPI::Actions::Default::Show,,True,owner_or_admin,,,,api/lib/vpsadmin/api/resources/vps.rb,1599,1616
VpsAdmin::API::Resources::VPS::Feature,Index,VpsAdmin::API::Resources::VPS::Feature::Index,HaveAPI::Actions::Default::Index,,True,owner_or_admin,,,,api/lib/vpsadmin/api/resources/vps.rb,1094,1118
VpsAdmin::API::Resources::VPS::Feature,Show,VpsAdmin::API::Resources::VPS::Feature::Show,HaveAPI::Actions::Default::Show,,True,owner_or_admin,,,,api/lib/vpsadmin/api/resources/vps.rb,1120,1143
VpsAdmin::API::Resources::VPS::Feature,Update,VpsAdmin::API::Resources::VPS::Feature::Update,HaveAPI::Actions::Default::Update,,True,owner_or_admin,,True,,api/lib/vpsadmin/api/resources/vps.rb,1145,1179
VpsAdmin::API::Resources::VPS::Feature,UpdateAll,VpsAdmin::API::Resources::VPS::Feature::UpdateAll,HaveAPI::Action,,True,owner_or_admin,post,True,update_all,api/lib/vpsadmin/api/resources/vps.rb,1181,1212
VpsAdmin::API::Resources::VPS::MaintenanceWindow,Index,VpsAdmin::API::Resources::VPS::MaintenanceWindow::Index,HaveAPI::Actions::Default::Index,,True,owner_or_admin,,,,api/lib/vpsadmin/api/resources/vps.rb,1417,1442
VpsAdmin::API::Resources::VPS::MaintenanceWindow,Show,VpsAdmin::API::Resources::VPS::MaintenanceWindow::Show,HaveAPI::Actions::Default::Show,,True,owner_or_admin,,,,api/lib/vpsadmin/api/resources/vps.rb,1444,1466
VpsAdmin::API::Resources::VPS::MaintenanceWindow,Update,VpsAdmin::API::Resources::VPS::MaintenanceWindow::Update,HaveAPI::Actions::Default::Update,,True,owner_or_admin,,,,api/lib/vpsadmin/api/resources/vps.rb,1468,1508
VpsAdmin::API::Resources::VPS::MaintenanceWindow,UpdateAll,VpsAdmin::API::Resources::VPS::MaintenanceWindow::UpdateAll,HaveAPI::Action,,True,owner_or_admin,put,,,api/lib/vpsadmin/api/resources/vps.rb,1510,1560
VpsAdmin::API::Resources::VPS::Mount,Create,VpsAdmin::API::Resources::VPS::Mount::Create,HaveAPI::Actions::Default::Create,,True,owner_or_admin,,True,,api/lib/vpsadmin/api/resources/vps.rb,1291,1340
VpsAdmin::API::Resources::VPS::Mount,Delete,VpsAdmin::API::Resources::VPS::Mount::Delete,HaveAPI::Actions::Default::Delete,,True,owner_or_admin,,True,,api/lib/vpsadmin/api/resources/vps.rb,1375,1398
VpsAdmin::API::Resources::VPS::Mount,Index,VpsAdmin::API::Resources::VPS::Mount::Index,HaveAPI::Actions::Default::Index,,True,owner_or_admin,,,,api/lib/vpsadmin/api/resources/vps.rb,1239,1263
VpsAdmin::API::Resources::VPS::Mount,Show,VpsAdmin::API::Resources::VPS::Mount::Show,HaveAPI::Actions::Default::Show,,True,owner_or_admin,,,,api/lib/vpsadmin/api/resources/vps.rb,1265,1289
VpsAdmin::API::Resources::VPS::Mount,Update,VpsAdmin::API::Resources::VPS::Mount::Update,HaveAPI::Actions::Default::Update,,True,owner_or_admin,,True,,api/lib/vpsadmin/api/resources/vps.rb,1342,1373
VpsAdmin::API::Resources::VPS::SshHostKey,Index,VpsAdmin::API::Resources::VPS::SshHostKey::Index,HaveAPI::Actions::Default::Index,,True,owner_or_admin,,,,api/lib/vpsadmin/api/resources/vps.rb,1648,1677
VpsAdmin::API::Resources::VPS::SshHostKey,Show,VpsAdmin::API::Resources::VPS::SshHostKey::Show,HaveAPI::Actions::Default::Show,,True,owner_or_admin,,,,api/lib/vpsadmin/api/resources/vps.rb,1679,1694
VpsAdmin::API::Resources::VPS::Status,Index,VpsAdmin::API::Resources::VPS::Status::Index,HaveAPI::Actions::Default::Index,,True,owner_or_admin,,,,api/lib/vpsadmin/api/resources/vps.rb,1727,1764
VpsAdmin::API::Resources::VPS::Status,Show,VpsAdmin::API::Resources::VPS::Status::Show,HaveAPI::Actions::Default::Show,,True,owner_or_admin,,,,api/lib/vpsadmin/api/resources/vps.rb,1766,1781
VpsAdmin::API::Resources::VpsOutage,Index,VpsAdmin::API::Resources::VpsOutage::Index,HaveAPI::Actions::Default::Index,,True,owner_or_admin,,,,plugins/outage_reports/api/resources/vps_outage.rb,17,52
VpsAdmin::API::Resources::VpsOutage,Show,VpsAdmin::API::Resources::VpsOutage::Show,HaveAPI::Actions::Default::Show,,True,owner_or_admin,,,,plugins/outage_reports/api/resources/vps_outage.rb,54,76
VpsAdmin::API::Resources::VpsUserData,Create,VpsAdmin::API::Resources::VpsUserData::Create,HaveAPI::Actions::Default::Create,,True,authenticated,,,,api/lib/vpsadmin/api/resources/vps_user_data.rb,79,108
VpsAdmin::API::Resources::VpsUserData,Delete,VpsAdmin::API::Resources::VpsUserData::Delete,HaveAPI::Actions::Default::Delete,,True,owner_or_admin,,,,api/lib/vpsadmin/api/resources/vps_user_data.rb,168,183
VpsAdmin::API::Resources::VpsUserData,Deploy,VpsAdmin::API::Resources::VpsUserData::Deploy,HaveAPI::Action,,True,owner_or_admin,post,True,{%{resource}_id}/deploy,api/lib/vpsadmin/api/resources/vps_user_data.rb,139,166
VpsAdmin::API::Resources::VpsUserData,Index,VpsAdmin::API::Resources::VpsUserData::Index,HaveAPI::Actions::Default::Index,,True,owner_or_admin,,,,api/lib/vpsadmin/api/resources/vps_user_data.rb,20,55
VpsAdmin::API::Resources::VpsUserData,Show,VpsAdmin::API::Resources::VpsUserData::Show,HaveAPI::Actions::Default::Show,,True,owner_or_admin,,,,api/lib/vpsadmin/api/resources/vps_user_data.rb,57,77
VpsAdmin::API::Resources::VpsUserData,Update,VpsAdmin::API::Resources::VpsUserData::Update,HaveAPI::Actions::Default::Update,,True,owner_or_admin,,,,api/lib/vpsadmin/api/resources/vps_user_data.rb,110,137
VpsAdmin::API::Resources::Webauthn::Authentication,Begin,VpsAdmin::API::Resources::Webauthn::Authentication::Begin,HaveAPI::Action,False,False,public,post,,,api/lib/vpsadmin/api/resources/webauthn.rb,115,149
VpsAdmin::API::Resources::Webauthn::Authentication,Finish,VpsAdmin::API::Resources::Webauthn::Authentication::Finish,HaveAPI::Action,False,False,public,post,,,api/lib/vpsadmin/api/resources/webauthn.rb,151,211
VpsAdmin::API::Resources::Webauthn::Registration,Begin,VpsAdmin::API::Resources::Webauthn::Registration::Begin,HaveAPI::Action,,True,authenticated,post,,,api/lib/vpsadmin/api/resources/webauthn.rb,40,66
VpsAdmin::API::Resources::Webauthn::Registration,Finish,VpsAdmin::API::Resources::Webauthn::Registration::Finish,HaveAPI::Action,,True,authenticated,post,,,api/lib/vpsadmin/api/resources/webauthn.rb,68,109
